{
   "grid":{
      "background":"#ffffffff",
      "iconLocation":"left",
      "border":"#ff464b58,1",
      "iconAlignment":"center",
      "borderBottom":"#ffc4c7cd,1",
      "fontFamily":"맑은 고딕",
      "iconPadding":"0",
      "selectedBackground":"#ff696969",
      "contentFit":"auto",
      "inactiveBackground":"#ffd3d3d3",
      "iconOffset":"0",
      "selectionDisplay":"mask",
      "hoveredMaskBackground":"#ffff7000",
      "hoveredMaskBorder":"#ffff0000,1",
      "paddingRight":"2",
      "paddingBottom":"2",
      "paddingTop":"2",
      "figureBackground":"#ff657082",
      "selectedForeground":"#ffffffff",
      "foreground":"#ff000000",
      "inactiveForeground":"#ff808080",
      "line":"#ffb7bdc7,1",
      "textAlignment":"center",
      "lineAlignment":"center",
      "iconIndex":"0"
   },
   "panel":{
      "background":"#B0B2B5",
      "paddingRight":"2",
      "iconLocation":"left",
      "border":"#ffff0000,1",
      "selectedForeground":"#ffffffff",
      "iconAlignment":"center",
      "foreground":"#ffffffff",
      "inactiveForeground":"#ff808080",
      "borderBottom":"#ff5a5f6c,1",
      "textAlignment":"near",
      "selectedBackground":"#ff696969",
      "lineAlignment":"center",
      "inactiveBackground":"#ffd3d3d3",
      "iconOffset":"0",
      "selectionDisplay":"mask",
      "hoveredMaskBorder":"#335292f7,1",
      "iconPadding":"0",
      "hoveredMaskBackground":"#1f5292f7",
      "contentFit":"auto",
      "paddingTop":"4",
      "borderRight":"#ff777777,1",
      "figureBackground":"#ff008800",
      "paddingBottom":"5",
      "iconIndex":"0"
   },
   "body":{
      "background":"#ffffffff",
      "iconLocation":"left",
      "border":"#ffffffff,0",
      "iconAlignment":"center",
      "borderBottom":"#ffc4c7cd,1",
      "fontFamily":"맑은 고딕",
      "borderTop":"#ffffffff,0",
      "selectedBackground":"#ff696969",
      "contentFit":"auto",
      "inactiveBackground":"#ffd3d3d3",
      "iconOffset":"0",
      "selectionDisplay":"mask",
      "iconPadding":"0",
      "hoveredMaskBackground":"#1f5292f7",
      "hoveredMaskBorder":"#335292f7,1",
      "figureBackground":"#ff008800",
      "paddingBottom":"2",
      "paddingTop":"2",
      "paddingRight":"2",
      "selectedForeground":"#ffffffff",
      "foreground":"#ff222530",
      "inactiveForeground":"#ff808080",
      "line":"#ff808080,1",
      "textAlignment":"center",
      "borderLeft":"#ffffffff,0",
      "lineAlignment":"center",
      "borderRight":"#ffc4c7cd,1",
      "iconIndex":"0",
      "empty":{

      }
   },
   "fixed":{
      "background":"#ffd3d3d3",
      "iconLocation":"left",
      "border":"#ffff0000,1",
      "iconAlignment":"center",
      "borderBottom":"#ff999999,1",
      "fontFamily":"맑은 고딕",
      "iconPadding":"0",
      "selectedBackground":"#ff696969",
      "contentFit":"auto",
      "inactiveBackground":"#ffd3d3d3",
      "iconOffset":"0",
      "selectionDisplay":"mask",
      "hoveredMaskBackground":"#1f5292f7",
      "hoveredMaskBorder":"#335292f7,1",
      "paddingRight":"2",
      "paddingBottom":"2",
      "paddingTop":"2",
      "figureBackground":"#ff008800",
      "selectedForeground":"#ffffffff",
      "foreground":"#ff000000",
      "inactiveForeground":"#ff808080",
      "textAlignment":"center",
      "lineAlignment":"center",
      "borderRight":"#ff999999,1",
      "iconIndex":"0",
      "colBar":{
         "background":"#ffffffff",
         "iconLocation":"left",
         "border":"#ff464b58,1",
         "iconAlignment":"center",
         "borderBottom":"#ff808080,1",
         "fontFamily":"맑은 고딕",
         "iconPadding":"0",
         "selectedBackground":"#ff696969",
         "contentFit":"auto",
         "inactiveBackground":"#ffd3d3d3",
         "iconOffset":"0",
         "selectionDisplay":"mask",
         "hoveredMaskBackground":"#ffff7000",
         "hoveredMaskBorder":"#ffff0000,1",
         "paddingRight":"2",
         "paddingBottom":"2",
         "paddingTop":"2",
         "figureBackground":"#ff008800",
         "selectedForeground":"#ffffffff",
         "foreground":"#ff000000",
         "inactiveForeground":"#ff808080",
         "textAlignment":"center",
         "lineAlignment":"center",
         "borderRight":"#ff808080,1",
         "iconIndex":"0"
      },
      "rowBar":{
         "background":"#ffd3d3d3",
         "iconLocation":"left",
         "border":"#ffff0000,1",
         "iconAlignment":"center",
         "borderBottom":"#ff999999,1",
         "fontFamily":"맑은 고딕",
         "iconPadding":"0",
         "selectedBackground":"#ff696969",
         "contentFit":"auto",
         "inactiveBackground":"#ffd3d3d3",
         "iconOffset":"0",
         "selectionDisplay":"mask",
         "hoveredMaskBackground":"#1f5292f7",
         "hoveredMaskBorder":"#335292f7,1",
         "paddingRight":"2",
         "paddingBottom":"2",
         "paddingTop":"2",
         "figureBackground":"#ff008800",
         "selectedForeground":"#ffffffff",
         "foreground":"#ff000000",
         "inactiveForeground":"#ff808080",
         "textAlignment":"center",
         "lineAlignment":"center",
         "borderRight":"#ff999999,1",
         "iconIndex":"0"
      }
   },
   "header":{
      "background":"linear,#ffffffff,#ffe7e8eb,90",
      "iconLocation":"left",
      "border":"#ffffffff,0",
      "iconAlignment":"center",
      "borderBottom":"#ff767b87,1",
      "fontFamily":"맑은 고딕",
      "borderTop":"#ffffffff,0",
      "selectedBackground":"linear,#ffcad0d7,#ffb7bec7,90",
      "contentFit":"auto",
      "inactiveBackground":"#ffd3d3d3",
      "iconOffset":"0",
      "selectionDisplay":"mask",
      "iconPadding":"0",
      "hoveredMaskBackground":"#22002b5b",
      "paddingTop":"2",
      "fontBold":"true",
      "figureBackground":"#ff008800",
      "paddingBottom":"2",
      "hoveredMaskBorder":"#ffff0000,1",
      "paddingRight":"2",
      "selectedForeground":"#ff000000",
      "foreground":"#ff222530",
      "inactiveForeground":"#ff808080",
      "textAlignment":"center",
      "borderLeft":"#ffffffff,0",
      "lineAlignment":"center",
      "borderRight":"#ff979ca6,1",
      "iconIndex":"0",
      "group":{
         "background":"linear,#ffffffff,#ffe7e8eb,90",
         "iconLocation":"left",
         "border":"#ffffffff,0",
         "iconAlignment":"center",
         "borderBottom":"#ff808080,1",
         "borderTop":"#ffffffff,0",
         "selectedBackground":"#ff696969",
         "contentFit":"auto",
         "inactiveBackground":"#ffd3d3d3",
         "iconOffset":"0",
         "selectionDisplay":"mask",
         "iconPadding":"0",
         "hoveredMaskBackground":"#22002b5b",
         "hoveredMaskBorder":"#ffff0000,1",
         "fontBold":"true",
         "figureBackground":"#ff008800",
         "paddingBottom":"2",
         "paddingTop":"4",
         "paddingRight":"2",
         "selectedForeground":"#ffffffff",
         "foreground":"#ff222530",
         "inactiveForeground":"#ff808080",
         "textAlignment":"center",
         "borderLeft":"#ffffffff,0",
         "lineAlignment":"center",
         "borderRight":"#ff808080,1",
         "iconIndex":"0"
      }
   },
   "footer":{
      "background":"#ffe3e5e8",
      "iconLocation":"left",
      "border":"#ffffffff,0",
      "iconAlignment":"center",
      "borderBottom":"#ffffffff,0",
      "fontFamily":"맑은 고딕",
      "borderTop":"#ff272d37,1",
      "selectedBackground":"#ff696969",
      "contentFit":"auto",
      "inactiveBackground":"#ffd3d3d3",
      "iconOffset":"0",
      "selectionDisplay":"mask",
      "iconPadding":"0",
      "hoveredMaskBackground":"#1f5292f7",
      "hoveredMaskBorder":"#335292f7,1",
      "figureBackground":"#ff008800",
      "paddingBottom":"1",
      "paddingTop":"2",
      "paddingRight":"2",
      "selectedForeground":"#ffffffff",
      "foreground":"#ff222530",
      "inactiveForeground":"#ff808080",
      "textAlignment":"near",
      "borderLeft":"#ffffffff,0",
      "lineAlignment":"center",
      "borderRight":"#ff979ca6,1",
      "iconIndex":"0"
   },
   "rowGroup":{
      "header":{
         "background":"#ff464c58",
         "iconLocation":"left",
         "border":"#ffffffff,0",
         "iconAlignment":"center",
         "borderBottom":"#ff272d37,1",
         "borderTop":"#ff464c58,0",
         "selectedBackground":"#ff696969",
         "contentFit":"auto",
         "inactiveBackground":"#ffd3d3d3",
         "iconOffset":"0",
         "selectionDisplay":"mask",
         "iconPadding":"0",
         "hoveredMaskBackground":"#1f5292f7",
         "hoveredMaskBorder":"#335292f7,1",
         "figureBackground":"#ff008800",
         "paddingBottom":"2",
         "paddingTop":"2",
         "paddingRight":"2",
         "selectedForeground":"#ffffffff",
         "foreground":"#ffe2ecff",
         "inactiveForeground":"#ff808080",
         "textAlignment":"near",
         "borderLeft":"#ffffffff,0",
         "lineAlignment":"center",
         "borderRight":"#ff272d37,1",
         "iconIndex":"0"
      },
      "footer":{
         "background":"#ffd8dee6",
         "iconLocation":"left",
         "border":"#ffffffff,0",
         "iconAlignment":"center",
         "borderBottom":"#ff6e7b8c,0",
         "fontFamily":"맑은 고딕",
         "borderTop":"#ff6e7b8c,1",
         "selectedBackground":"#ff696969",
         "contentFit":"auto",
         "inactiveBackground":"#ffd3d3d3",
         "iconOffset":"0",
         "selectionDisplay":"mask",
         "iconPadding":"0",
         "hoveredMaskBackground":"#1f5292f7",
         "hoveredMaskBorder":"#335292f7,1",
         "figureBackground":"#ff008800",
         "paddingBottom":"2",
         "paddingTop":"2",
         "paddingRight":"4",
         "selectedForeground":"#ffffffff",
         "foreground":"#ff000000",
         "inactiveForeground":"#ff808080",
         "textAlignment":"far",
         "borderLeft":"#ffffffff,0",
         "lineAlignment":"center",
         "borderRight":"#ff6e7b8c,1",
         "iconIndex":"0"
      },
      "head":{
         "background":"linear,#ffffffff,#ffe7e8eb,90",
         "iconLocation":"left",
         "border":"#ffffffff,0",
         "iconAlignment":"center",
         "borderBottom":"#ff767b87,1",
         "fontFamily":"맑은 고딕",
         "borderTop":"#ffffffff,0",
         "selectedBackground":"#ff696969",
         "contentFit":"auto",
         "inactiveBackground":"#ffd3d3d3",
         "iconOffset":"0",
         "selectionDisplay":"mask",
         "iconPadding":"0",
         "hoveredMaskBackground":"#22002b5b",
         "hoveredMaskBorder":"#ffff0000,1",
         "figureBackground":"#ff008800",
         "paddingBottom":"2",
         "paddingTop":"2",
         "paddingRight":"2",
         "selectedForeground":"#ffffffff",
         "foreground":"#ff222530",
         "inactiveForeground":"#ff808080",
         "textAlignment":"center",
         "borderLeft":"#ffffffff,0",
         "lineAlignment":"center",
         "borderRight":"#ff979ca6,1",
         "iconIndex":"0"
      },
      "foot":{
         "background":"#ffe3e5e8",
         "iconLocation":"left",
         "border":"#ffffffff,0",
         "iconAlignment":"center",
         "borderBottom":"#ffffffff,0",
         "fontFamily":"맑은 고딕",
         "borderTop":"#ff272d37,1",
         "selectedBackground":"#ff696969",
         "contentFit":"auto",
         "inactiveBackground":"#ffd3d3d3",
         "iconOffset":"0",
         "selectionDisplay":"mask",
         "iconPadding":"0",
         "hoveredMaskBackground":"#1f5292f7",
         "hoveredMaskBorder":"#335292f7,1",
         "figureBackground":"#ff008800",
         "paddingBottom":"1",
         "paddingTop":"2",
         "paddingRight":"2",
         "selectedForeground":"#ffffffff",
         "foreground":"#ff222530",
         "inactiveForeground":"#ff808080",
         "textAlignment":"near",
         "borderLeft":"#ffffffff,0",
         "lineAlignment":"center",
         "borderRight":"#ffffffff,0",
         "iconIndex":"0"
      },
      "headerBar":{
         "background":"#ff464c58",
         "iconLocation":"left",
         "border":"#ffffffff,0",
         "iconAlignment":"center",
         "borderBottom":"#ffffffff,0",
         "fontFamily":"맑은 고딕",
         "borderTop":"#ffffffff,0",
         "selectedBackground":"#ff696969",
         "contentFit":"auto",
         "inactiveBackground":"#ffd3d3d3",
         "iconOffset":"0",
         "selectionDisplay":"mask",
         "iconPadding":"0",
         "hoveredMaskBackground":"#1f5292f7",
         "fontSize":"11",
         "paddingTop":"2",
         "figureBackground":"#ffffffff",
         "paddingBottom":"2",
         "hoveredMaskBorder":"#335292f7,1",
         "paddingRight":"2",
         "selectedForeground":"#ffffffff",
         "foreground":"#ffe2ecff",
         "inactiveForeground":"#ff808080",
         "textAlignment":"near",
         "borderLeft":"#ffffffff,0",
         "lineAlignment":"center",
         "borderRight":"#ffffffff,0",
         "iconIndex":"0"
      },
      "footerBar":{
         "background":"#ffd8dee6",
         "iconLocation":"left",
         "border":"#ffffffff,0",
         "iconAlignment":"center",
         "borderBottom":"#ff6e7b8c,0",
         "fontFamily":"맑은 고딕",
         "borderTop":"#ff6e7b8c,1",
         "selectedBackground":"#ff696969",
         "contentFit":"auto",
         "inactiveBackground":"#ffd3d3d3",
         "iconOffset":"0",
         "selectionDisplay":"mask",
         "iconPadding":"0",
         "hoveredMaskBackground":"#1f5292f7",
         "hoveredMaskBorder":"#335292f7,1",
         "figureBackground":"#ff008800",
         "paddingBottom":"2",
         "paddingTop":"2",
         "paddingRight":"2",
         "selectedForeground":"#ffffffff",
         "foreground":"#ff000000",
         "inactiveForeground":"#ff808080",
         "textAlignment":"near",
         "borderLeft":"#ffffffff,0",
         "lineAlignment":"center",
         "borderRight":"#ff6e7b8c,1",
         "iconIndex":"0"
      },
      "bar":{
         "background":"#ff464c58",
         "iconLocation":"left",
         "border":"#ffffffff,0",
         "iconAlignment":"center",
         "borderBottom":"#ff272d37,0",
         "fontFamily":"맑은 고딕",
         "borderTop":"#ff464c58,0",
         "selectedBackground":"#ff696969",
         "contentFit":"auto",
         "inactiveBackground":"#ffd3d3d3",
         "iconOffset":"0",
         "selectionDisplay":"mask",
         "iconPadding":"0",
         "hoveredMaskBackground":"#1f5292f7",
         "fontSize":"11",
         "paddingTop":"2",
         "figureBackground":"#ff008800",
         "paddingBottom":"2",
         "hoveredMaskBorder":"#335292f7,1",
         "paddingRight":"2",
         "selectedForeground":"#ffffffff",
         "foreground":"#ffe2ecff",
         "inactiveForeground":"#ff808080",
         "textAlignment":"near",
         "borderLeft":"#ffffffff,0",
         "lineAlignment":"center",
         "borderRight":"#ff272d37,1",
         "iconIndex":"0"
      },
      "panel":{
         "background":"#ff464c58",
         "iconLocation":"left",
         "border":"#ff393c42,1",
         "iconAlignment":"center",
         "borderBottom":"#ffffffff,0",
         "borderTop":"#ffffffff,0",
         "selectedBackground":"#ff696969",
         "contentFit":"auto",
         "inactiveBackground":"#ffd3d3d3",
         "iconOffset":"0",
         "selectionDisplay":"mask",
         "iconPadding":"0",
         "hoveredMaskBackground":"#ff393c42",
         "hoveredMaskBorder":"#335292f7,1",
         "figureBackground":"#ff008800",
         "paddingBottom":"1",
         "paddingTop":"1",
         "paddingRight":"1",
         "selectedForeground":"#ffffffff",
         "foreground":"#ffe2ecff",
         "inactiveForeground":"#ff808080",
         "line":"#ff464c58,1",
         "textAlignment":"center",
         "borderLeft":"#ffffffff,0",
         "lineAlignment":"center",
         "borderRight":"#ffffffff,0",
         "iconIndex":"0"
      }
   },
   "indicator":{
      "background":"linear,#ffffffff,#ffedeef0,360",
      "paddingRight":"2",
      "iconLocation":"left",
      "border":"#ff464b58,1",
      "selectedForeground":"#ffffffff",
      "iconAlignment":"center",
      "foreground":"#ff222530",
      "inactiveForeground":"#ff808080",
      "borderBottom":"#ff979ca6,1",
      "textAlignment":"center",
      "selectedBackground":"#ffbfc6ce",
      "lineAlignment":"center",
      "inactiveBackground":"#ffd3d3d3",
      "iconOffset":"0",
      "selectionDisplay":"mask",
      "hoveredMaskBorder":"#ff000000,1",
      "iconPadding":"0",
      "hoveredMaskBackground":"#ffd1d5db",
      "contentFit":"auto",
      "paddingTop":"2",
      "borderRight":"#ff979ca6,1",
      "figureBackground":"#ff2f363f",
      "paddingBottom":"2",
      "iconIndex":"0",
      "head":{
         "background":"linear,#ffffffff,#ffe7e8eb,90",
         "iconLocation":"left",
         "border":"#ffff0000,1",
         "iconAlignment":"center",
         "borderBottom":"#ff767b87,1",
         "fontFamily":"맑은 고딕",
         "borderTop":"#ffffffff,0",
         "selectedBackground":"#ff696969",
         "contentFit":"auto",
         "inactiveBackground":"#ffd3d3d3",
         "iconOffset":"0",
         "selectionDisplay":"mask",
         "iconPadding":"0",
         "hoveredMaskBackground":"#1f5292f7",
         "hoveredMaskBorder":"#335292f7,1",
         "figureBackground":"#ff008800",
         "paddingBottom":"2",
         "paddingTop":"2",
         "paddingRight":"2",
         "selectedForeground":"#ffffffff",
         "foreground":"#ff000000",
         "inactiveForeground":"#ff808080",
         "textAlignment":"center",
         "borderLeft":"#ffffffff,0",
         "lineAlignment":"center",
         "borderRight":"#ff979ca6,1",
         "iconIndex":"0"
      },
      "foot":{
         "background":"#ffe3e5e8",
         "iconLocation":"left",
         "border":"#ffff0000,1",
         "iconAlignment":"center",
         "borderBottom":"#ff808080,0",
         "fontFamily":"맑은 고딕",
         "borderTop":"#ff272d37,1",
         "selectedBackground":"#ff696969",
         "contentFit":"auto",
         "inactiveBackground":"#ffd3d3d3",
         "iconOffset":"0",
         "selectionDisplay":"mask",
         "iconPadding":"0",
         "hoveredMaskBackground":"#1f5292f7",
         "hoveredMaskBorder":"#335292f7,1",
         "figureBackground":"#ff2f363f",
         "paddingBottom":"2",
         "paddingTop":"2",
         "paddingRight":"2",
         "selectedForeground":"#ffffffff",
         "foreground":"#ff000000",
         "inactiveForeground":"#ff808080",
         "textAlignment":"center",
         "borderLeft":"#ffffffff,0",
         "lineAlignment":"center",
         "borderRight":"#ff979ca6,1",
         "iconIndex":"0"
      }
   },
   "checkBar":{
      "background":"#ffffffff",
      "iconLocation":"left",
      "border":"#ff464b58,1",
      "iconAlignment":"center",
      "borderBottom":"#ff979ca6,1",
      "fontFamily":"맑은 고딕",
      "iconPadding":"0",
      "selectedBackground":"#ff696969",
      "contentFit":"auto",
      "inactiveBackground":"#ffd3d3d3",
      "iconOffset":"0",
      "selectionDisplay":"mask",
      "hoveredMaskBackground":"#1f5292f7",
      "hoveredMaskBorder":"#335292f7,1",
      "paddingRight":"2",
      "paddingBottom":"2",
      "paddingTop":"2",
      "figureBackground":"#ff38648e",
      "selectedForeground":"#ffffffff",
      "foreground":"#ff555555",
      "inactiveForeground":"#ff808080",
      "textAlignment":"center",
      "lineAlignment":"center",
      "borderRight":"#ff979ca6,1",
      "iconIndex":"0",
      "head":{
         "background":"linear,#ffffffff,#ffe7e8eb,90",
         "iconLocation":"left",
         "border":"#ffff0000,1",
         "iconAlignment":"center",
         "borderBottom":"#ff767b87,1",
         "fontFamily":"맑은 고딕",
         "borderTop":"#ffffffff,0",
         "selectedBackground":"#ff696969",
         "contentFit":"auto",
         "inactiveBackground":"#ffd3d3d3",
         "iconOffset":"0",
         "selectionDisplay":"mask",
         "iconPadding":"0",
         "hoveredMaskBackground":"#1f5292f7",
         "hoveredMaskBorder":"#335292f7,1",
         "figureBackground":"#ff38648e",
         "paddingBottom":"2",
         "paddingTop":"2",
         "paddingRight":"2",
         "selectedForeground":"#ffffffff",
         "foreground":"#ff000000",
         "inactiveForeground":"#ff808080",
         "textAlignment":"center",
         "borderLeft":"#ffffffff,0",
         "lineAlignment":"center",
         "borderRight":"#ff979ca6,1",
         "iconIndex":"0"
      },
      "foot":{
         "background":"#ffe3e5e8",
         "iconLocation":"left",
         "border":"#ff000000,1",
         "iconAlignment":"center",
         "fontFamily":"맑은 고딕",
         "borderTop":"#ff272d37,1",
         "selectedBackground":"#ff696969",
         "contentFit":"auto",
         "inactiveBackground":"#ffd3d3d3",
         "iconOffset":"0",
         "selectionDisplay":"mask",
         "iconPadding":"0",
         "hoveredMaskBackground":"#1f5292f7",
         "hoveredMaskBorder":"#335292f7,1",
         "figureBackground":"#ff008800",
         "paddingBottom":"2",
         "paddingTop":"2",
         "paddingRight":"2",
         "selectedForeground":"#ffffffff",
         "foreground":"#ff000000",
         "inactiveForeground":"#ff808080",
         "textAlignment":"center",
         "borderLeft":"#ffffffff,0",
         "lineAlignment":"center",
         "borderRight":"#ff979ca6,1",
         "iconIndex":"0"
      }
   },
   "statusBar":{
      "background":"#ffffffff",
      "iconLocation":"left",
      "border":"#ff464b58,1",
      "iconAlignment":"center",
      "borderBottom":"#ff979ca6,1",
      "fontFamily":"맑은 고딕",
      "iconPadding":"0",
      "selectedBackground":"#ff696969",
      "contentFit":"auto",
      "inactiveBackground":"#ffd3d3d3",
      "iconOffset":"0",
      "selectionDisplay":"mask",
      "hoveredMaskBackground":"#1f5292f7",
      "hoveredMaskBorder":"#335292f7,1",
      "paddingRight":"2",
      "paddingBottom":"2",
      "paddingTop":"2",
      "figureBackground":"#ff008800",
      "selectedForeground":"#ffffffff",
      "foreground":"#ff000000",
      "inactiveForeground":"#ff808080",
      "textAlignment":"center",
      "lineAlignment":"center",
      "borderRight":"#ff979ca6,1",
      "iconIndex":"0",
      "head":{
         "background":"linear,#ffffffff,#ffe7e8eb,90",
         "iconLocation":"left",
         "border":"#ffff0000,1",
         "iconAlignment":"center",
         "borderBottom":"#ff767b87,1",
         "fontFamily":"맑은 고딕",
         "borderTop":"#ffffffff,0",
         "selectedBackground":"#ff696969",
         "contentFit":"auto",
         "inactiveBackground":"#ffd3d3d3",
         "iconOffset":"0",
         "selectionDisplay":"mask",
         "iconPadding":"0",
         "hoveredMaskBackground":"#1f5292f7",
         "hoveredMaskBorder":"#335292f7,1",
         "figureBackground":"#ff008800",
         "paddingBottom":"2",
         "paddingTop":"2",
         "paddingRight":"2",
         "selectedForeground":"#ffffffff",
         "foreground":"#ff000000",
         "inactiveForeground":"#ff808080",
         "textAlignment":"center",
         "borderLeft":"#ffffffff,0",
         "lineAlignment":"center",
         "borderRight":"#ff979ca6,1",
         "iconIndex":"0"
      },
      "foot":{
         "background":"#ffe3e5e8",
         "iconLocation":"left",
         "border":"#ff000000,1",
         "iconAlignment":"center",
         "borderBottom":"#ff808080,0",
         "fontFamily":"맑은 고딕",
         "borderTop":"#ff272d37,1",
         "selectedBackground":"#ff696969",
         "contentFit":"auto",
         "inactiveBackground":"#ffd3d3d3",
         "iconOffset":"0",
         "selectionDisplay":"mask",
         "iconPadding":"0",
         "hoveredMaskBackground":"#1f5292f7",
         "hoveredMaskBorder":"#335292f7,1",
         "figureBackground":"#ff008800",
         "paddingBottom":"2",
         "paddingTop":"2",
         "paddingRight":"2",
         "selectedForeground":"#ffffffff",
         "foreground":"#ff000000",
         "inactiveForeground":"#ff808080",
         "textAlignment":"center",
         "borderLeft":"#ffffffff,0",
         "lineAlignment":"center",
         "borderRight":"#ff979ca6,1",
         "iconIndex":"0"
      }
   },
   "selection":{
      "background":"#2f1e90ff",
      "paddingRight":"0",
      "iconLocation":"left",
      "border":"#5f1e90ff,2",
      "selectedForeground":"#ffffffff",
      "iconAlignment":"center",
      "foreground":"#ff000000",
      "inactiveForeground":"#ff808080",
      "iconOffset":"0",
      "textAlignment":"center",
      "selectedBackground":"#ff696969",
      "lineAlignment":"center",
      "inactiveBackground":"#ffd3d3d3",
      "selectionDisplay":"mask",
      "hoveredMaskBorder":"#335292f7,1",
      "iconPadding":"0",
      "hoveredMaskBackground":"#1f5292f7",
      "contentFit":"auto",
      "paddingTop":"0",
      "figureBackground":"#ff008800",
      "paddingBottom":"0",
      "iconIndex":"0"
   }
}
