[{
    "name": "Values",
    "fieldName": "Values",
    "width": "200",
    "ignoreDefaultDynamicStyles": true,
    "header": {
        "text": "Values"
    },
    "styles": {
        "textAlignment": "near"
    }
}, {
    "name": "Boolean1",
    "fieldName": "Boolean1",
    "width": "120",
    "header": {
        "text": "Boolean 1"
    },
    "editor": {
        "booleanFormat": "거짓,f,false:참,t,true:0",
        "emptyValue": false
    },
    "styles": {
        "booleanFormat": "거짓:참"
    }
}, {
    "name": "Boolean2",
    "fieldName": "Boolean2",
    "width": "100",
    "header": {
        "text": "Boolean 2"
    },
    "editor": {
        "booleanFormat": "Falsity,False,f,false:Truth,True,t,true:1"
    },
    "styles": {
        "booleanFormat": "Falsity:Truth:False"
    }
}, {
    "name": "Boolean3",
    "fieldName": "Boolean3",
    "width": "120",
    "header": {
        "text": "Boolenan 3"
    },
    "editor": {
        "booleanFormat": "0,f,false:1,t,true:0"
    },
    "styles": {
        "booleanFormat": "0:1"
    }
}, {
    "name": "Boolean4",
    "fieldName": "Boolean4",
    "width": "120",
    "header": {
        "text": "Boolean 4"
    },
    "editor": {
        "booleanFormat": "No,f,false:Yes,t,true:0"
    },
    "styles": {
        "booleanFormat": "No:Yes"
    }
}, {
    "name": "Boolean5",
    "fieldName": "Boolean5",
    "width": "100",
    "header": {
        "text": "Boolean 5"
    },
    "editor": {
        "booleanFormat": "Male,f,false:Female,t,true:0"
    },
    "styles": {
        "booleanFormat": "Male:Female"
    }
}]