[{
    "name": "OrderID",
    "fieldName": "OrderID",
    "type": "data",
    "width": "90",
    "styles": {
        "textAlignment": "center"
    },
    "header": {
        "text": "Order ID"
    }
}, {
    "name": "CustomerID",
    "fieldName": "CustomerID",
    "type": "data",
    "width": "130",
    "styles": {
        "textAlignment": "center"
    },
    "header": {
        "text": "Customer ID"
    }
}, {
    "name": "EmployeeID",
    "fieldName": "EmployeeID",
    "type": "data",
    "width": "100",
    "styles": {
        "textAlignment": "center"
    },
    "header": {
        "text": "Employee ID"
    }
}, {
    "name": "dateTime1",
    "fieldName": "dateTime1",
    "width": "110",
    "header": {
        "text": "yyyyMM",
        "styles": {
            "background": "linear,#22ffd500,#ffffd500,90"
        }
    },
    "editor": {
        "type": "btdate",
        "btOptions": {
            "startView": 1,
            "minViewMode": 1,
            "todayBtn": "linked",
            "language": "kr",
            "todayHighlight": true,
            "language": "ko"
        },
        "datetimeFormat": "yyyyMM",
        "textReadOnly": true,
        "mask": {
            "editMask": "999999"
        }
    }
}, {
    "name": "dateTime2",
    "fieldName": "dateTime2",
    "width": "110",
    "header": {
        "text": "yyyy-MM",
        "styles": {
            "background": "linear,#22ffd500,#ffffd500,90"
        }
    },
    "editor": {
        "type": "btdate",
        "btOptions": {
            "startView": 1,
            "minViewMode": 1,
            "todayBtn": "linked",
            "language": "kr",
            "todayHighlight": true,
            "language": "ko"
        },
        "textReadOnly": true,
        "datetimeFormat": "yyyy-MM",
        "mask": {
            "editMask": "9999-99",
            "includedFormat": true
        }
    }
}, {
    "name": "dateTime3",
    "fieldName": "dateTime3",
    "width": "160",
    "header": {
        "text": "yyyyMM -> yyyy-MM",
        "styles": {
            "background": "linear,#22ffd500,#ffffd500,90"
        }
    },
    "displayRegExp": "([0-9]{4})([0-9]{2})$",
    "displayReplace": "$1-$2",
    "editor": {
        "type": "btdate",
        "btOptions": {
            "startView": 1,
            "minViewMode": 1,
            "todayBtn": "linked",
            "language": "kr",
            "todayHighlight": true,
            "language": "ko"
        },
        "datetimeFormat": "yyyyMM",
        "textReadOnly": true,
        "mask": {
            "editMask": "9999-99"
        }
    }
}, {
    "name": "OrderDate",
    "fieldName": "OrderDate",
    "type": "data",
    "width": "130",
    "styles": {
        "textAlignment": "center",
        "datetimeFormat": "yyyy-MM"
    },
    "header": {
        "text": "Order Date",
        "styles": {
            "background": "linear,#22ffd500,#ffffd500,90"
        }
    }
}, {
    "name": "CompanyName",
    "fieldName": "CompanyName",
    "type": "data",
    "width": "200",
    "styles": {
        "textAlignment": "near"
    },
    "header": {
        "text": "Company Name"
    }
}, {
    "name": "Country",
    "fieldName": "Country",
    "type": "data",
    "width": "100",
    "styles": {
        "textAlignment": "center"
    },
    "header": {
        "text": "Country"
    }
}, {
    "name": "Phone",
    "fieldName": "Phone",
    "type": "data",
    "width": "100",
    "styles": {
        "textAlignment": "near"
    },
    "header": {
        "text": "Phone"
    }
}, {
    "name": "ProductName",
    "fieldName": "ProductName",
    "type": "data",
    "width": "200",
    "styles": {
        "textAlignment": "near"
    },
    "header": {
        "text": "Product Name"
    }
}, {
    "name": "QuantityPerUnit",
    "fieldName": "QuantityPerUnit",
    "type": "data",
    "width": "100",
    "styles": {
        "textAlignment": "near"
    },
    "header": {
        "text": "Quantity / Unit"
    }
}, {
    "name": "Quantity",
    "fieldName": "Quantity",
    "type": "data",
    "width": "100",
    "styles": {
        "textAlignment": "far"
    },
    "header": {
        "text": "Quantity"
    },
    "footer": {
        "expression": "sum",
        "styles": {
            "textAlignment": "far",
            "numberFormat": "#,000"
        }
    }
}, {
    "name": "UnitPrice",
    "fieldName": "UnitPrice",
    "type": "data",
    "width": "100",
    "styles": {
        "textAlignment": "far"
    },
    "header": {
        "text": "Unit Price"
    },
    "footer": {
        "expression": "avg",
        "styles": {
            "textAlignment": "far",
            "numberFormat": "0.00",
            "prefix": "AVG = "
        }
    }
}]