[{
    "fieldName": "produce"
}, {
    "fieldName": "country"
}, {
    "fieldName": "brandNo"
}, {
    "fieldName": "brandName"
}, {
    "fieldName": "modelNo"
}, {
    "fieldName": "modelName"
}, {
    "fieldName": "colorNo"
}, {
    "fieldName": "color"
}, {
    "fieldName": "salesDay",
    "dataType": "datetime",
    "datatimeFormat": "yyyy/MM/dd"
}, {
    "fieldName": "salesQty",
    "dataType": "number"
}, {
    "fieldName": "price",
    "dataType": "number"
}, {
    "fieldName": "vehicleType"
}, {
    "fieldName": "fuel"
}]
