[{
    "name": "ImageButton",
    "fieldName": "ImageButton",
    "width": "100",
    "dynamicStyles":[{
         "criteria":["value = '팝업'", "value = '조회'"],
         "styles":["renderer=buttons1", "renderer=buttons2"]
    }],
    "styles": {
        "textAlignment": "near"
    },
    "header": {
        "text": "동적 버튼"
    }
}, {
    "name": "EmployeeID",
    "fieldName": "EmployeeID",
    "width": "150",
    "button": "image",
    "imageButtons": {
        "width": 45,
        "images": [{
            "name": "팝업버튼",
            "up": "/resource/image/btnImages/popup_normal.png",
            "hover": "/resource/image/btnImages/popup_hover.png",
            "down": "/resource/image/btnImages/popup_click.png"
        }, {
            "name": "조회버튼",
            "up": "/resource/image/btnImages/search_normal.png",
            "hover": "/resource/image/btnImages/search_hover.png",
            "down": "/resource/image/btnImages/search_click.png"           
        }]
    },
    "styles": {
        "textAlignment": "center"
    },
    "header": {
        "text": "Employee ID"
    }
}, {
    "name": "OrderID",
    "fieldName": "OrderID",
    "width": "90",
    "styles": {
        "textAlignment": "center"
    },
    "button": "action",
    "header": {
        "text": "Order ID"
    }
}, {
    "name": "CustomerID",
    "fieldName": "CustomerID",
    "width": "110",
    "styles": {
        "textAlignment": "center"
    },
    "button": "popup",
    "popupMenu": "customerPopup",
    "header": {
        "text": "Customer ID"
    }
}, {
    "name": "Country",
    "fieldName": "Country",
    "width": "100",
    "styles": {
        "textAlignment": "center"
    },
    "header": {
        "text": "Country"
    }
}, {
    "name": "OrderDate",
    "fieldName": "OrderDate",
    "width": "130",
    "styles": {
        "textAlignment": "center",
        "datetimeFormat": "yyyy/MM/dd"
    },
    "header": {
        "text": "Order Date"
    }
}, {
    "name": "CompanyName",
    "fieldName": "CompanyName",
    "width": "180",
    "styles": {
        "textAlignment": "near"
    },
    "header": {
        "text": "Company Name"
    }
}, {
    "name": "Phone",
    "fieldName": "Phone",
    "width": "100",
    "styles": {
        "textAlignment": "near"
    },
    "header": {
        "text": "Phone"
    }
}]