[{
    "name": "OrderID",
    "fieldName": "OrderID",
    "type": "data",
    "width": "60",
    "styles": {
        "textAlignment": "center"
    },
    "header": {
        "text": "Order ID"
    }
}, {
    "name": "Shipping",
    "fieldName": "Shipping",
    "type": "data",
    "width": "70",
    "editable": false,
    "renderer": {
        "type": "check",
        "editable": true,
        "startEditOnClick": true,
        "trueValues": "True",
        "falseValues": "False",
        "labelPosition": "right"
    },
    "styles": {
        "paddingLeft": 8,
        "textAlignment": "center",
        "background": "#33ffff00"
    },
    "header": {
        "text": "Check Edit",
        "styles": {
            "fontBold": true
        }
    }
}, {
    "name": "EmployeeID1",
    "fieldName": "EmployeeID",
    "type": "data",
    "width": "100",
    "renderer": {
        "type": "check",
        "shape": "box",
        "falseValues": "2,4,6"
    },
    "styles": {
        "textAlignment": "center"
    },
    "header": {
        "text": "Employee ID 1"
    }
}, {
    "name": "EmployeeID2",
    "fieldName": "EmployeeID",
    "type": "data",
    "width": "100",
    "renderer": {
        "type": "check",
        "falseValues": "1,3"
    },
    "styles": {
        "textAlignment": "center",
        "figureBackground": "#ffff0000",
        "figureInactiveBackground": "#33ff0000",
        "figureSize": "130%"
    },
    "header": {
        "text": "Employee ID 2"
    }
}, {
    "name": "EmployeeID3",
    "fieldName": "EmployeeID",
    "type": "data",
    "width": "100",
    "renderer": {
        "type": "check",
        "falseValues": "1,3",
        "labelPosition": "left"
    },
    "styles": {
        "paddingRight": 8,
        "textAlignment": "near",
        "figureBackground": "#ff000088",
        "figureInactiveBackground": "#33000088",
        "figureSize": "80%"
    },
    "header": {
        "text": "Employee ID 3"
    }
}, {
    "name": "EmployeeID4",
    "fieldName": "EmployeeID",
    "type": "data",
    "width": "100",
    "renderer": {
        "type": "check",
        "falseValues": "1,3"
    },
    "styles": {
        "textAlignment": "center",
        "figureBackground": "#ff000088",
        "figureInactiveBackground": "#33000088"
    },
    "header": {
        "text": "Employee ID 4"
    },
    "dynamicStyles": [{
        "criteria": "value mod 2 = 1",
        "styles": "figureBackground=#fff0000;figureSize=150%"
    }]
}, {
    "name": "Country",
    "fieldName": "Country",
    "type": "data",
    "width": "100",
    "styles": {
        "textAlignment": "center"
    },
    "header": {
        "text": "Country"
    }
}, {
    "name": "OrderDate",
    "fieldName": "OrderDate",
    "visible": false,
    "type": "data",
    "width": "130",
    "styles": {
        "textAlignment": "center",
        "datetimeFormat": "yyyy.MM.dd"
    },
    "header": {
        "text": "Order Date"
    }
}, {
    "name": "ProductName",
    "fieldName": "ProductName",
    "type": "data",
    "width": "200",
    "styles": {
        "textAlignment": "near"
    },
    "header": {
        "text": "Product Name"
    }
}]