[{
    "name": "column1",
    "fieldName": "Field1",
    "width": 110,
    "header": {
        "text": "Column 1"
    }
}, {
    "name": "column2",
    "fieldName": "Field2",
    "width": 110,
    "header": {
        "text": "Column 2"
    }
}, {
    "name": "column3",
    "fieldName": "Field3",
    "width": 110,
    "header": {
        "text": "Column 3"
    },
    "styles": {
        "background": "#33ffff00"
    }
}, {
    "name": "column4",
    "fieldName": "Field4",
    "width": 110,
    "header": {
        "text": "Column 4"
    }
}, {
    "name": "column5",
    "fieldName": "Field5",
    "width": 110,
    "header": {
        "text": "Column 5"
    }
}, {
    "name": "column6",
    "fieldName": "Field3",
    "width": 110,
    "header": {
        "text": "Column 6"
    },
    "styles": {
        "background": "#33ffff00"
    }
}]
