[{
    "name": "Country",
    "fieldName": "Country",
    "width": "80",
    "defaultValue": "Seoul",
    "styles": { 
        "textAlignment": "near"
    },
    "header": {
        "text": "Country"
    }
}, {
    "name": "CustomerID",
    "fieldName": "CustomerID",
    "width": "150",
    "editButtonVisibility": "always",
    "lookupDisplay": true,        
    "values": ["VINET", "HANAR", "SUPRD", "VICTE", "THREE", "SEVEN"],
    "labels": ["<VINET>", "<HANAR>", "<SUPRD>", "<VICTE>", "<THREE>", "<SEVEN>"],
    "editor": {
        "type": "dropDown",
        "domainOnly": true,
        "dropDownCount": 4
    },
    "styles": {
        "textAlignment": "center"
    },
    "header": {
        "text": "Customer ID"
    }
}, {
    "name": "CompanyName",
    "fieldName": "CompanyName",
    "width": "160",
    "styles": { 
        "textAlignment": "near"
        },
    "header": {
        "text": "Company"
        },
    "footer": {
        "groupExpression": "count",
        "styles": {
            "suffix": " compaines"
        }
    }
},  {
    "name": "OrderID",
    "fieldName": "OrderID",
    "width": "70",
    "styles": { 
        "textAlignment": "center"
    },
    "header": {
        "text": "Order ID"
    }
}, {
    "name": "OrderDate",
    "fieldName": "OrderDate"
}, {
    "name": "ProductName",
    "fieldName": "ProductName",
    "width": "160",
    "readOnly": true,
    "styles": { 
        "textAlignment": "near"
        },
    "editor": {
        "type": "multiline"
    },
    "header": {
        "text": "Product"
    }
}, {
    "name": "Shipped",
    "fieldName": "Shipped",
    "editor": {
        "booleanFormat": "0:1:0"
    }
}, {
    "name": "QuantityPerUnit",
    "fieldName": "QuantityPerUnit",
    "width": "140",
    "styles": {
        "textAlignment": "near"
    },
    "header": {
        "text": "Unit"
    }
}, {
    "name": "Quantity",
    "fieldName": "Quantity",
    "width": "60",
    "styles": {
        "textAlignment": "far",
        "numberFormat": "#,##0"
    },
    "header": {
        "text": "Quantity"
    }
}, {
    "name": "UnitPrice",
    "fieldName": "UnitPrice",
    "width": "80",
    "styles": {
        "textAlignment": "far",
        "numberFormat": "#,##0.00"
    },
    "header": {
        "text": "Unit Price"
    },
    "editor": {
        "type": "number"
    }
}]