[{
    "fieldName": "OrderID",
    "dataType": "text"
}, {
    "fieldName": "CustomerID",
    "dataType": "text"
}, {
    "fieldName": "EmployeeID",
    "dataType": "text"
}, {
    "fieldName": "OrderDate",
    "dataType": "datetime"
}, {
    "fieldName": "CompanyName",
    "dataType": "text"
}, {
    "fieldName": "Country",
    "dataType": "text"
}, {
    "fieldName": "Phone",
    "dataType": "text"
}, {
    "fieldName": "ProductName",
    "dataType": "text"
}, {
    "fieldName": "QuantityPerUnit",
    "dataType": "text"
}, {
    "fieldName": "Quantity",
    "dataType": "number"
}, {
    "fieldName": "UnitPrice",
    "dataType": "number"
}]