[{
    "fieldName": "term"
}, {
    "fieldName": "category"
}, {
    "fieldName": "1997",
    "dataType": "number"
}, {
    "fieldName": "1998",
    "dataType": "number"
}, {
    "fieldName": "1999",
    "dataType": "number"
}, {
    "fieldName": "2000",
    "dataType": "number"
}, {
    "fieldName": "2001",
    "dataType": "number"
}, {
    "fieldName": "2002",
    "dataType": "number"
}, {
    "fieldName": "2003",
    "dataType": "number"
}, {
    "fieldName": "2004",
    "dataType": "number"
}, {
    "fieldName": "2005",
    "dataType": "number"
}, {
    "fieldName": "2006",
    "dataType": "number"
}, {
    "fieldName": "2007",
    "dataType": "number"
}, {
    "fieldName": "2008",
    "dataType": "number"
}, {
    "fieldName": "2009",
    "dataType": "number"
}, {
    "fieldName": "2010",
    "dataType": "number"
}, {
    "fieldName": "2011",
    "dataType": "number"
}, {
    "fieldName": "2012",
    "dataType": "number"
}]
