[{
        "fieldName": "continent",
        "dataType": "text"
    }, {
        "fieldName": "country",
        "dataType": "text"
    }, {
        "fieldName": "2000",
        "dataType": "number"
    }, {
        "fieldName": "2001",
        "dataType": "number"
    }, {
        "fieldName": "2002",
        "dataType": "number"
    }, {
        "fieldName": "2003",
        "dataType": "number"
    }, {
        "fieldName": "2004",
        "dataType": "number"
    }, {
        "fieldName": "2005",
        "dataType": "number"
    }, {
        "fieldName": "2006",
        "dataType": "number"
    }, {
        "fieldName": "2007",
        "dataType": "number"
    }, {
        "fieldName": "2008",
        "dataType": "number"
    }, {
        "fieldName": "2009",
        "dataType": "number"
    }, {
        "fieldName": "2010",
        "dataType": "number"
    }]
