[{
    "type": "group",
    "name": "GroupOrder",
    "orientation": "vertical",
    "width": 250,
    "visible": false,
    "columns": [
        {
            "type": "group",
            "name": "GroupIds",
            "columns": [
                {
                    "name": "OrderID",
                    "fieldName": "OrderID",
                    "type": "data",
                    "width": "90",
                    "styles": {
                        "textAlignment": "center"
                    },
                    "header": {
                        "text": "Order"
                    }
                },
                {
                    "name": "CustomerID",
                    "fieldName": "CustomerID",
                    "width": "130",
                    "styles": {
                        "textAlignment": "center"
                    },
                    "header": {
                        "text": "Customer ID"
                    }
                },
                {
                    "name": "EmployeeID",
                    "fieldName": "EmployeeID",
                    "width": "100",
                    "styles": {
                        "textAlignment": "center"
                    },
                    "header": {
                        "text": "Employee ID"
                    }
                }
            ]
        },
        {
            "name": "OrderDate",
            "fieldName": "OrderDate",
            "width": "130",
            "styles": {
                "textAlignment": "center"
            },
            "header": {
                "text": "Order Date"
            }
        }
    ]
},{
    "name": "OrderID",
    "fieldName": "OrderID",
    "type": "data",
    "width": "80",
    "styles": {
        "textAlignment": "center"
    },
    "header": {
        "text": "Order ID"
    }
}, {
    "name": "EmployeeID",
    "fieldName": "EmployeeID",
    "type": "data",
    "width": "100",
    "fillWidth": 1,
    "styles": {
        "textAlignment": "center"
    },
    "header": {
        "text": "Employee ID"
    }
}, {
    "name": "CompanyName",
    "fieldName": "CompanyName",
    "type": "data",
    "width": "200",
    "styles": {
        "textAlignment": "near"
    },
    "header": {
        "text": "Company Name"
    }
}, {
    "name": "Country",
    "fieldName": "Country",
    "type": "data",
    "width": "100",
    "styles": {
        "textAlignment": "center"
    },
    "header": {
        "text": "Country"
    }
}]