[{
    "name": "OrderID",
    "fieldName": "OrderID",
    "width": "40",
    "styles": {
        "textAlignment": "center"
    },
    "header": {
        "text": "ID"
    }
}, {
    "name": "left",
    "fieldName": "Country",
    "width": "100",
    "editor": {
        "type": "dropdown",
        "values": ["France", "USA", "Germany", "Brazil", "Belgium"],
        "labels": ["France", "USA", "Germany", "Brazil", "Belgium"]
    },
    "header": {
        "text": "IconLocation.\r\nLEFT"
    }
}, {
    "name": "right",
    "fieldName": "Country",
    "width": "100",
    "editor": {
        "type": "dropdown",
        "values": ["France", "USA", "Germany", "Brazil", "Belgium"],
        "labels": ["France", "USA", "Germany", "Brazil", "Belgium"]
    },
    "header": {
        "text": "IconLocation.\r\nRIGHT"
    }
}, {
    "name": "top",
    "fieldName": "Country",
    "width": "100",
    "editor": {
        "type": "dropdown",
        "values": ["France", "USA", "Germany", "Brazil", "Belgium"],
        "labels": ["France", "USA", "Germany", "Brazil", "Belgium"]
    },
    "header": {
        "text": "IconLocation.\r\nTOP"
    }
}, {
    "name": "bottom",
    "fieldName": "Country",
    "width": "100",
    "editor": {
        "type": "dropdown",
        "values": ["France", "USA", "Germany", "Brazil", "Belgium"],
        "labels": ["France", "USA", "Germany", "Brazil", "Belgium"]
    },
    "header": {
        "text": "IconLocation.\r\nBOTTOM"
    }
}, {
    "name": "center",
    "fieldName": "Country",
    "width": "100",
    "editor": {
        "type": "dropdown",
        "values": ["France", "USA", "Germany", "Brazil", "Belgium"],
        "labels": ["France", "USA", "Germany", "Brazil", "Belgium"]
    },
    "styles": {
        "iconIndex": 0,
        "iconLocation": "center"
    },
    "header": {
        "text": "IconLocation.\r\nCENTER"
    }
}, {
    "name": "textVisible",
    "fieldName": "Country",
    "width": "120",
    "editor": {
        "type": "dropdown",
        "values": ["France", "USA", "Germany", "Brazil", "Belgium"],
        "labels": ["France", "USA", "Germany", "Brazil", "Belgium"]
    },
    "header": {
        "text": "textVisible = false"
    }
}, {
    "name": "CustomerID",
    "fieldName": "CustomerID",
    "width": "100",
    "styles": {
        "textAlignment": "center"
    },
    "header": {
        "text": "Customer ID"
    }
}, {
    "name": "CompanyName",
    "fieldName": "CompanyName",
    "width": "200",
    "styles": {
        "textAlignment": "near"
    },
    "header": {
        "text": "Company Name"
    }
}, {
    "name": "EmployeeID",
    "fieldName": "EmployeeID",
    "width": "100",
    "styles": {
        "textAlignment": "center"
    },
    "header": {
        "text": "Employee ID"
    }
}, {
    "name": "OrderDate",
    "fieldName": "OrderDate",
    "width": "130",
    "styles": {
        "textAlignment": "center"
    },
    "header": {
        "text": "Order Date"
    }
}, {
    "name": "Quantity",
    "fieldName": "Quantity",
    "width": "100",
    "styles": {
        "textAlignment": "far"
    },
    "header": {
        "text": "Quantity"
    }
}, {
    "name": "UnitPrice",
    "fieldName": "UnitPrice",
    "width": "100",
    "styles": {
        "textAlignment": "far"
    },
    "header": {
        "text": "Unit Price"
    }
}]