[{
    "name": "OrderID",
    "fieldName": "OrderID",
    "width": "80",
    "styles": {
        "textAlignment": "center"
    },
    "header": {
        "text": "Order ID"
    }
}, {
    "name": "Country",
    "fieldName": "Country",
    "width": "80",
    "styles": {
        "textAlignment": "center"
    },
    "header": {
        "text": "Country"
    }
}, {
    "name": "NormalFlag1",
    "fieldName": "NormalFlag",
    "width": "220",
    "header": {
        "text": "ContentFit.NONE"
    },
    "styles": {
        "contentFit": "none"
    },
    "renderer": {
        "type": "image", 
        "sommthing": true
    }
}, {
    "name": "NormalFlag2",
    "fieldName": "NormalFlag",
    "width": "220",
    "header": {
        "text": "ContentFit.CENTER"
    },
    "styles": {
        "contentFit": "center"
    },
    "renderer": {
        "type": "image", 
        "sommthing": true
    }
}, {
    "name": "NormalFlag3",
    "fieldName": "NormalFlag",
    "width": "220",
    "header": {
        "text": "ContentFit.BOTH"
    },
    "styles": {
        "contentFit": "both"
    }
}, {
    "name": "NormalFlag4",
    "fieldName": "NormalFlag",
    "width": "220",
    "header": {
        "text": "ContentFit.WIDTH"
    },
    "styles": {
        "contentFit": "width"
    }
}, {
    "name": "NormalFlag5",
    "fieldName": "NormalFlag",
    "width": "220",
    "header": {
        "text": "ContentFit.HEIGHT"
    },
    "styles": {
        "contentFit": "height"
    }
}, {
    "name": "NormalFlag6",
    "fieldName": "NormalFlag",
    "width": "220",
    "header": {
        "text": "ContentFit.AUTO"
    },
    "styles": {
        "contentFit": "auto"
    }
}, {
    "name": "Quantity",
    "fieldName": "Quantity",
    "width": "100",
    "styles": {
        "textAlignment": "far"
    },
    "header": {
        "text": "Quantity"
    }
}, {
    "name": "CustomerID",
    "fieldName": "CustomerID",
    "width": "100",
    "styles": {
        "textAlignment": "center"
    },
    "header": {
        "text": "Customer ID"
    }
}, {
    "name": "EmployeeID",
    "fieldName": "EmployeeID",
    "width": "100",
    "styles": {
        "textAlignment": "center"
    },
    "header": {
        "text": "Employee ID"
    }
}, {
    "name": "OrderDate",
    "fieldName": "OrderDate",
    "width": "130",
    "styles": {
        "textAlignment": "center"
    },
    "header": {
        "text": "Order Date"
    }
}]