[
   {
        "fieldName": "ItemId",
        "width": 80,
        "header": { "text": "ItemId" },
        "styles": { "textAlignment": "near", "font": "Arial" }
    }, {
        "fieldName": "ItemName",
        "width": 100,
        "header": { "text": "항목명" },
        "styles": { "textAlignment": "near", "font": "Tahoma" }
    }, {
        "fieldName": "RequestType",
        "width": 80,
        "header": { "text": "분야" },
        "styles": { "textAlignment": "near", "font": "Tahoma" }
    }, {
        "fieldName": "ServiceName",
        "width": 150,
        "header": { "text": "유형명" },
        "styles": { "textAlignment": "near", "font": "맑은 고딕" }
    }, {
        "fieldName": "ServiceCode",
        "width": 150,
        "header": { "text": "서비스코드" },
        "styles": { "textAlignment": "near", "font": "Arial" }
    }, {
        "fieldName": "Standard",
        "width": 150,
        "header": { "text": "표준" },
        "styles": { "textAlignment": "near", "font": "Tahoma" }
    }, {
        "fieldName": "LowBounds",
        "width": 80,
        "header": { "text": "하위 값" },
        "styles": { "textAlignment": "near", "font": "Arial" }
    }, {
        "fieldName": "HighBounds",
        "width": 80,
        "header": { "text": "상위 값" },
        "styles": { "textAlignment": "near", "font": "맑은 고딕" }
    }, {
        "fieldName": "CheckUnit",
        "width": 80,
        "header": { "text": "단위" },
        "styles": { "textAlignment": "near", "font": "맑은 고딕" }
    }, {
        "fieldName": "CheckPrice",
        "width": 90,
        "header": { "text": "수수료" },
        "styles": { "textAlignment": "far", "font": "Arial" }
    }
  ]
