[{
    "name": "OrderID",
    "fieldName": "OrderID",
    "width": "80",
    "styles": {
        "textAlignment": "center"
    },
    "header": {
        "text": "Order ID"
    }
}, {
    "name": "CustomerID",
    "fieldName": "CustomerID",
    "width": "80",
    "styles": {
        "textAlignment": "center"
    },
    "header": {
        "text": "Customer ID"
    }
}, {
    "name": "CompanyName",
    "fieldName": "CompanyName",
    "width": "120",
    "styles": {
        "textAlignment": "near"
    },
    "header": {
        "text": "Company Name"
    }
}, {
    "name": "Country",
    "fieldName": "Country",
    "width": "150",
    "valueSeparator": ",",
    "editor" : {
        "type": "multicheck",
        "showAllCheck":true,
        "allCheckText":"전체선택",
        "dropDownCount": 4,
        "acceptText": "확인",
        "cancelText": "취소",
        "showButtons": true
    },
    "values": ["KR", "US", "JP","FR", "CH", "BR", "BE", "DE", "UK", "CN", "AE", "SG"],
    "labels": ["대한민국", "미국", "일본", "프랑스", "스위스", "브라질", "벨기에", "독일", "영국", "중국", "아랍에미레이트", "싱가폴"],
    "styles": {
        "textAlignment": "center"
    },
    "header": {
        "text": "Country",
        "styles": {
            "background": "linear,#22ffd500,#ffffd500,90"
        }
    }
}, {
    "name": "Country1",
    "fieldName": "Country",
    "width": "270",
    "valueSeparator": ",",
    "lookupDisplay": true,
    "editor": {
        "type": "multicheck",
        "showAllCheck":true,
        "allCheckText":"전체선택",
        "textReadOnly": true,
        "acceptText": "확인",
        "cancelText": "취소",
        "showButtons": true
    },
    "values": ["KR", "US", "JP", "FR", "CH", "BR", "BE", "DE", "UK", "CN", "AE", "SG"],
    "labels": ["대한민국", "미국", "일본", "프랑스", "스위스", "브라질", "벨기에", "독일", "영국", "중국", "아랍에미레이트", "싱가폴"],
    "styles": {
        "textAlignment": "center"
    },
    "header": {
        "text": "Country(lookupDisplay)",
        "styles": {
            "background": "linear,#22ffd500,#ffffd500,90"
        }
    }
}, {
    "name": "ProductName",
    "fieldName": "ProductName",
    "width": "200",
    "styles": {
        "textAlignment": "near"
    },
    "header": {
        "text": "Product Name"
    }
}, {
    "name": "QuantityPerUnit",
    "fieldName": "QuantityPerUnit",
    "width": "100",
    "styles": {
        "textAlignment": "near"
    },
    "header": {
        "text": "Quantity / Unit"
    }
}, {
    "name": "Quantity",
    "fieldName": "Quantity",
    "width": "100",
    "styles": {
        "textAlignment": "far"
    },
    "header": {
        "text": "Quantity"
    }
}, {
    "name": "UnitPrice",
    "fieldName": "UnitPrice",
    "width": "100",
    "styles": {
        "textAlignment": "far"
    },
    "header": {
        "text": "Unit Price"
    }
}]