[{
    "name": "Country",
    "fieldName": "Country",
    "width": "90",
    "tag":"grouping",
    "styles": { 
        "textAlignment": "near"
        },
    "header": {
        "text": "Country"
    },
    "footer": {
        "groupText": "Country Footer"
    }
}, {
    "name": "CompanyName",
    "fieldName": "CompanyName",
    "width": "160",
    "tag":"grouping",
    "styles": { 
        "textAlignment": "near"
        },
    "header": {
        "text": "Company"
    },
    "footer": {
        "groupText": "Company Footer"
    }
},  {
    "name": "OrderID",
    "fieldName": "OrderID",
    "width": "100",
    "tag":"grouping",
    "styles": { 
        "textAlignment": "center"
    },
    "header": {
        "text": "Order ID"
    },
    "footer": {
        "groupText": "Order Footer"
    }
}, {
    "name": "QuantityPerUnit",
    "fieldName": "QuantityPerUnit",
    "width": "140",
    "styles": {
        "textAlignment": "near"
    },
    "header": {
        "text": "Unit"
    },
    "footer": {
        "styles": {
            "textAlignment": "far",
            "font": "굴림,12"
        },
        "text": "합계 =>"
    }
}, {
    "name": "Quantity",
    "fieldName": "Quantity",
    "width": "100",
    "styles": {
        "textAlignment": "far"
    },
    "header": {
        "text": "Quantity"
    },
    "footer": {
        "styles": { 
            "textAlignment": "far",
            "numberFormat": "#,##0",
            "suffix": " $",
            "font": "Arial,12"
        },
        "groupStyles": {
            "foreground": "#ffffff",
            "fontBold": true
        },
        "text": "합계",
        "expression": "sum",
        "groupExpression": "sum"
    }
}, {
    "name": "CustomerID",
    "fieldName": "CustomerID",
    "width": "130",
    "tag":"grouping",
    "styles": {
        "textAlignment": "center"
    },
    "header": {
        "text": "Customer ID"
    },
    "footer": {
        "styles": {
            "textAlignment": "far",
            "font": "굴림,12"
        },
        "text": "분산 =>"
    }
}, {
    "name": "unitPrice",
    "name": "unitPrice",
    "fieldName": "UnitPrice",
    "width": "100",
    "styles": {
        "textAlignment": "far"
    },
    "header": {
        "text": "Unit Price"
    },
    "footer": {
        "styles": {
            "textAlignment": "far",
            "numberFormat": "#,##0",
            "suffix": " $",
            "font": "Arial,12"
        },
        "text": "Variance",
        "expression": "sum",
        "groupExpression": "var"
    }
}]