[
    {
        "fieldName": "Prod_Lv",
        "dataType": "text"
    }, {
        "fieldName": "DC_Lv",
        "dataType": "text"
    }, {
        "fieldName": "Sales_Lv",
        "dataType": "text"
    }, {
        "fieldName": "Category",
        "dataType": "text"
    }, {
        "fieldName": "2014_02",
        "dataType": "number"
    }, {
        "fieldName": "2014_02_01",
        "dataType": "number"
    }, {
        "fieldName": "2014_02_02",
        "dataType": "number"
    }, {
        "fieldName": "2014_02_03",
        "dataType": "number"
    }, {
        "fieldName": "2014_02_04",
        "dataType": "number"
    }, {
        "fieldName": "2014_02_05",
        "dataType": "number"
    }, {
        "fieldName": "2014_02_06",
        "dataType": "number"
    }, {
        "fieldName": "2014_02_07",
        "dataType": "number"
    }, {
        "fieldName": "2014_02_08",
        "dataType": "number"
    }, {
        "fieldName": "2014_02_09",
        "dataType": "number"
    }, {
        "fieldName": "2014_02_10",
        "dataType": "number"
    }, {
        "fieldName": "2014_03",
        "dataType": "number"
    }, {
        "fieldName": "2014_03_01",
        "dataType": "number"
    }, {
        "fieldName": "2014_03_02",
        "dataType": "number"
    }, {
        "fieldName": "2014_03_03",
        "dataType": "number"
    }, {
        "fieldName": "2014_03_04",
        "dataType": "number"
    }, {
        "fieldName": "2014_03_05",
        "dataType": "number"
    }, {
        "fieldName": "2014_03_06",
        "dataType": "number"
    }, {
        "fieldName": "2014_03_07",
        "dataType": "number"
    }, {
        "fieldName": "2014_03_08",
        "dataType": "number"
    }, {
        "fieldName": "2014_03_09",
        "dataType": "number"
    }, {
        "fieldName": "2014_03_10",
        "dataType": "number"
    }, {
        "fieldName": "2014_04",
        "dataType": "number"
    }, {
        "fieldName": "2014_04_01",
        "dataType": "number"
    }, {
        "fieldName": "2014_04_02",
        "dataType": "number"
    }, {
        "fieldName": "2014_04_03",
        "dataType": "number"
    }, {
        "fieldName": "2014_04_04",
        "dataType": "number"
    }, {
        "fieldName": "2014_04_05",
        "dataType": "number"
    }, {
        "fieldName": "2014_04_06",
        "dataType": "number"
    }, {
        "fieldName": "2014_04_07",
        "dataType": "number"
    }, {
        "fieldName": "2014_04_08",
        "dataType": "number"
    }, {
        "fieldName": "2014_04_09",
        "dataType": "number"
    }, {
        "fieldName": "2014_04_10",
        "dataType": "number"
    }, {
        "fieldName": "2014_05",
        "dataType": "number"
    }, {
        "fieldName": "2014_05_01",
        "dataType": "number"
    }, {
        "fieldName": "2014_05_02",
        "dataType": "number"
    }, {
        "fieldName": "2014_05_03",
        "dataType": "number"
    }, {
        "fieldName": "2014_05_04",
        "dataType": "number"
    }, {
        "fieldName": "2014_05_05",
        "dataType": "number"
    }, {
        "fieldName": "2014_05_06",
        "dataType": "number"
    }, {
        "fieldName": "2014_05_07",
        "dataType": "number"
    }, {
        "fieldName": "2014_05_08",
        "dataType": "number"
    }, {
        "fieldName": "2014_05_09",
        "dataType": "number"
    }, {
        "fieldName": "2014_05_10",
        "dataType": "number"
    }, {
        "fieldName": "2014_06",
        "dataType": "number"
    }, {
        "fieldName": "2014_06_01",
        "dataType": "number"
    }, {
        "fieldName": "2014_06_02",
        "dataType": "number"
    }, {
        "fieldName": "2014_06_03",
        "dataType": "number"
    }, {
        "fieldName": "2014_06_04",
        "dataType": "number"
    }, {
        "fieldName": "2014_06_05",
        "dataType": "number"
    }, {
        "fieldName": "2014_06_06",
        "dataType": "number"
    }, {
        "fieldName": "2014_06_07",
        "dataType": "number"
    }, {
        "fieldName": "2014_06_08",
        "dataType": "number"
    }, {
        "fieldName": "2014_06_09",
        "dataType": "number"
    }, {
        "fieldName": "2014_06_10",
        "dataType": "number"
    }, {
        "fieldName": "2014_07",
        "dataType": "number"
    }, {
        "fieldName": "2014_07_01",
        "dataType": "number"
    }, {
        "fieldName": "2014_07_02",
        "dataType": "number"
    }, {
        "fieldName": "2014_07_03",
        "dataType": "number"
    }, {
        "fieldName": "2014_07_04",
        "dataType": "number"
    }, {
        "fieldName": "2014_07_05",
        "dataType": "number"
    }, {
        "fieldName": "2014_07_06",
        "dataType": "number"
    }, {
        "fieldName": "2014_07_07",
        "dataType": "number"
    }, {
        "fieldName": "2014_07_08",
        "dataType": "number"
    }, {
        "fieldName": "2014_07_09",
        "dataType": "number"
    }, {
        "fieldName": "2014_07_10",
        "dataType": "number"
    }
]
