[
    {
        "name": "OrderID",
        "fieldName": "OrderID",
        "name": "OrderID",
        "header": "OrderID",
        "width": 70,
        "editable": false,
        "readOnly": true,
        "styles": {
            "textAlignment": "center"
        }
    },
    {
        "name": "ProductName",
        "fieldName": "ProductName",
        "name": "ProductName",
        "required": true,
        "requiredLevel": "info",
        "requiredMessage": "ProductName는 반드시 입력해야 합니다.",
        "header": "ProductName",
        "width": 200
    },
    {
        "name": "UnitPrice",
        "fieldName": "UnitPrice",
        "name": "UnitPrice",
        "header": "UnitPrice",
        "styles": {
            "textAlignment": "far",
            "numberFormat": "#,##0.00"
        }
    },
    {
        "name": "Quantity",
        "fieldName": "Quantity",
        "name": "Quantity",
        "header": "Quantity",
        "styles": {
            "textAlignment": "far",
            "numberFormat": "#,##0"
        }
    }
]