[{
    "fieldName": "continent",
    "width": 80,
    "styles": { "textAlignment": "near" },
    "header": { "text": "Continent" }
}, {
    "fieldName": "country",
    "width": 80,
    "styles": { "textAlignment": "near" },
    "header": { "text": "Country" }
}, {
    "name": "colLine",
    "type": "series",
    "fieldNames": "2000..2010",
    "width": 150,
    "renderer": { 
        "type": "sparkLine",
        "highFill": "#ff008800",
        "lowFill": "#ffff0000",
        "lastFill": "#ff888888"
    },
    "header": { "text": "Spark Line" },
    "styles": { 
        "background": "#080000ff",
        "figureBackground": "#ff888888", 
        "paddingLeft":4, 
        "paddingRight":4 ,
        "paddingTop":4,
        "paddingBottom":4
    }
}, {
    "name": "colColumn",
    "type": "series",
    "fieldNames": "2000..2010",
    "width": 150,
    "renderer": {
        "type": "sparkColumn",
        "highFill": "#ff008800",
        "lowFill": "#ffff0000",
        "lastFill": "#ff888888"
    },
    "header": { "text": "Spark Column" },
    "styles": {
        "figureBackground": "#ff888888",
        "paddingLeft": 4,
        "paddingRight": 4,
        "paddingTop": 4,
        "paddingBottom": 4
    }
}, {
    "name": "colWinLoss",
    "type": "series",
    "fieldNames": "2000..2010",
    "width": 150,
    "renderer": {
        "belowHeight": 0.45,
        "type": "sparkWinLoss",
        "belowFill": "#ffff0000"
    },
    "header": { "text": "Spark WinLoss" },
    "styles": {
        "background": "#080000ff",
        "figureBackground": "#ff008800",
        "paddingLeft": 2,
        "paddingRight": 2,
        "paddingTop": 2,
        "paddingBottom": 2
    }
}, {
    "fieldName": "2000",
    "width": 50,
    "styles": { "textAlignment": "far" },
    "header": { "text": "2000" }
}, {
    "fieldName": "2001",
    "width": 50,
    "styles": { "textAlignment": "far" },
    "header": { "text": "2001" }
}, {
    "fieldName": "2002",
    "width": 50,
    "styles": { "textAlignment": "far" },
    "header": { "text": "2002" }
}, {
    "fieldName": "2003",
    "width": 50,
    "styles": { "textAlignment": "far" },
    "header": { "text": "2003" }
}, {
    "fieldName": "2004",
    "width": 50,
    "styles": { "textAlignment": "far" },
    "header": { "text": "2004" }
}, {
    "fieldName": "2005",
    "width": 50,
    "styles": { "textAlignment": "far" },
    "header": { "text": "2005" }
}, {
    "fieldName": "2006",
    "width": 50,
    "styles": { "textAlignment": "far" },
    "header": { "text": "2006" }
}, {
    "fieldName": "2007",
    "width": 50,
    "styles": { "textAlignment": "far" },
    "header": { "text": "2007" }
}, {
    "fieldName": "2008",
    "width": 50,
    "styles": { "textAlignment": "far" },
    "header": { "text": "2008" }
}, {
    "fieldName": "2009",
    "width": 50,
    "styles": { "textAlignment": "far" },
    "header": { "text": "2009" }
}, {
    "fieldName": "2010",
    "width": 50,
    "styles": { "textAlignment": "far" },
    "header": { "text": "2010" }
}]