[{"category":"Raw containing food","target":50,"actual":40},{"category":"Salt","target":60,"actual":70},{"category":"Honey","target":60,"actual":53},{"category":"Ice","target":70,"actual":75},{"category":"Raw containing food","target":80,"actual":89},{"category":"Underground water","target":80,"actual":67},{"category":"Salt","target":50,"actual":40},{"category":"Cereal","target":60,"actual":70},{"category":"Ice","target":60,"actual":53},{"category":"Honey","target":70,"actual":75},{"category":"Vegetable cream","target":80,"actual":89},{"category":"Ice","target":80,"actual":67},{"category":"Raw containing food","target":50,"actual":40},{"category":"Vegetable cream","target":60,"actual":70},{"category":"Raw containing food","target":60,"actual":53},{"category":"Raw containing food","target":70,"actual":75},{"category":"Underground water","target":80,"actual":89},{"category":"Cereal","target":80,"actual":67},{"category":"Wheat flour","target":50,"actual":40},{"category":"Honey","target":60,"actual":70},{"category":"Vegetable cream","target":60,"actual":53},{"category":"Water","target":70,"actual":75},{"category":"Salt","target":80,"actual":89},{"category":"Salt","target":80,"actual":67},{"category":"Bamboo salt","target":50,"actual":40},{"category":"Raw food","target":60,"actual":70},{"category":"Raw containing food","target":60,"actual":53},{"category":"Water","target":70,"actual":75},{"category":"Solar salt","target":80,"actual":89},{"category":"Vegetable cream","target":80,"actual":67},{"category":"Raw containing food","target":50,"actual":40},{"category":"Raw food","target":60,"actual":70},{"category":"Bamboo salt","target":60,"actual":53},{"category":"Water","target":70,"actual":75},{"category":"Ice","target":80,"actual":89},{"category":"Wheat flour","target":80,"actual":67},{"category":"Bamboo salt","target":50,"actual":40},{"category":"Wheat flour","target":60,"actual":70},{"category":"Underground water","target":60,"actual":53},{"category":"Raw food","target":70,"actual":75},{"category":"Salt","target":80,"actual":89},{"category":"Solar salt","target":80,"actual":67},{"category":"Raw containing food","target":50,"actual":40},{"category":"Raw containing food","target":60,"actual":70},{"category":"Raw containing food","target":60,"actual":53},{"category":"Vegetable cream","target":70,"actual":75},{"category":"Bamboo salt","target":80,"actual":89},{"category":"Wheat flour","target":80,"actual":67},{"category":"Ice","target":50,"actual":40},{"category":"Cereal","target":60,"actual":70},{"category":"Raw containing food","target":60,"actual":53},{"category":"Solar salt","target":70,"actual":75},{"category":"Vegetable cream","target":80,"actual":89},{"category":"Wheat flour","target":80,"actual":67},{"category":"Bamboo salt","target":50,"actual":40},{"category":"Ice","target":60,"actual":70},{"category":"Salt","target":60,"actual":53},{"category":"Water","target":70,"actual":75},{"category":"Wheat flour","target":80,"actual":89},{"category":"Salt","target":80,"actual":67},{"category":"Wheat flour","target":50,"actual":40},{"category":"Raw containing food","target":60,"actual":70},{"category":"Raw food","target":60,"actual":53},{"category":"Raw food","target":70,"actual":75},{"category":"Honey","target":80,"actual":89},{"category":"Water","target":80,"actual":67},{"category":"Wheat flour","target":50,"actual":40},{"category":"Underground water","target":60,"actual":70},{"category":"Raw food","target":60,"actual":53},{"category":"Honey","target":70,"actual":75},{"category":"Raw containing food","target":80,"actual":89},{"category":"Raw food","target":80,"actual":67},{"category":"Honey","target":50,"actual":40},{"category":"Raw food","target":60,"actual":70},{"category":"Vegetable cream","target":60,"actual":53},{"category":"Raw containing food","target":70,"actual":75},{"category":"Ice","target":80,"actual":89},{"category":"Honey","target":80,"actual":67},{"category":"Raw food","target":50,"actual":40},{"category":"Vegetable cream","target":60,"actual":70},{"category":"Raw containing food","target":60,"actual":53},{"category":"Cereal","target":70,"actual":75},{"category":"Salt","target":80,"actual":89},{"category":"Vegetable cream","target":80,"actual":67},{"category":"Wheat flour","target":50,"actual":40},{"category":"Cereal","target":60,"actual":70},{"category":"Raw food","target":60,"actual":53},{"category":"Water","target":70,"actual":75},{"category":"Raw food","target":80,"actual":89},{"category":"Vegetable cream","target":80,"actual":67},{"category":"Vegetable cream","target":50,"actual":40},{"category":"Cereal","target":60,"actual":70},{"category":"Ice","target":60,"actual":53},{"category":"Bamboo salt","target":70,"actual":75},{"category":"Salt","target":80,"actual":89},{"category":"Wheat flour","target":80,"actual":67},{"category":"Underground water","target":50,"actual":40},{"category":"Water","target":60,"actual":70},{"category":"Honey","target":60,"actual":53},{"category":"Underground water","target":70,"actual":75},{"category":"Bamboo salt","target":80,"actual":89},{"category":"Underground water","target":80,"actual":67},{"category":"Raw containing food","target":50,"actual":40},{"category":"Wheat flour","target":60,"actual":70},{"category":"Ice","target":60,"actual":53},{"category":"Honey","target":70,"actual":75},{"category":"Wheat flour","target":80,"actual":89},{"category":"Vegetable cream","target":80,"actual":67},{"category":"Underground water","target":50,"actual":40},{"category":"Water","target":60,"actual":70},{"category":"Salt","target":60,"actual":53},{"category":"Solar salt","target":70,"actual":75},{"category":"Honey","target":80,"actual":89},{"category":"Wheat flour","target":80,"actual":67},{"category":"Raw containing food","target":50,"actual":40},{"category":"Raw food","target":60,"actual":70},{"category":"Wheat flour","target":60,"actual":53},{"category":"Wheat flour","target":70,"actual":75},{"category":"Vegetable cream","target":80,"actual":89},{"category":"Underground water","target":80,"actual":67},{"category":"Ice","target":50,"actual":40},{"category":"Ice","target":60,"actual":70},{"category":"Solar salt","target":60,"actual":53},{"category":"Bamboo salt","target":70,"actual":75},{"category":"Cereal","target":80,"actual":89},{"category":"Raw food","target":80,"actual":67},{"category":"Raw containing food","target":50,"actual":40},{"category":"Salt","target":60,"actual":70},{"category":"Bamboo salt","target":60,"actual":53},{"category":"Solar salt","target":70,"actual":75},{"category":"Raw containing food","target":80,"actual":89},{"category":"Raw food","target":80,"actual":67}]