[{"CustomerID":"SUPRD","CompanyName":"SUPRD - Suprêmes délices","Country":"Belgium"},
{"CustomerID":"BSBEV","CompanyName":"BSBEV - B's Beverages","Country":"UK"},
{"CustomerID":"THEBI","CompanyName":"THEBI - The Big Cheese","Country":"USA"},
{"CustomerID":"ISLAT","CompanyName":"ISLAT - Island Trading","Country":"UK"},
{"CustomerID":"EASTC","CompanyName":"EASTC - Eastern Connection","Country":"UK"},
{"CustomerID":"COMMI","CompanyName":"COMMI - Comércio Mineiro","Country":"Brazil"},
{"CustomerID":"ANTON","CompanyName":"ANTON - Antonio Moreno Taquería","Country":"Mexico"},
{"CustomerID":"WELLI","CompanyName":"WELLI - Wellington Importadora","Country":"Brazil"},
{"CustomerID":"TORTU","CompanyName":"TORTU - Tortuga Restaurante","Country":"Mexico"},
{"CustomerID":"GALED","CompanyName":"GALED - Galería del gastrónomo","Country":"Spain"},
{"CustomerID":"BOLID","CompanyName":"BOLID - Bólido Comidas preparadas","Country":"Spain"},
{"CustomerID":"RICAR","CompanyName":"RICAR - Ricardo Adocicados","Country":"Brazil"},
{"CustomerID":"BLAUS","CompanyName":"BLAUS - Blauer See Delikatessen","Country":"Germany"},
{"CustomerID":"TRADH","CompanyName":"TRADH - Tradição Hipermercados","Country":"Brazil"},
{"CustomerID":"ALFKI","CompanyName":"ALFKI - Alfreds Futterkiste","Country":"Germany"},
{"CustomerID":"VAFFE","CompanyName":"VAFFE - Vaffeljernet","Country":"Denmark"},
{"CustomerID":"GODOS","CompanyName":"GODOS - Godos Cocina Típica","Country":"Spain"},
{"CustomerID":"SIMOB","CompanyName":"SIMOB - Simons bistro","Country":"Denmark"},
{"CustomerID":"QUICK","CompanyName":"QUICK - QUICK-Stop","Country":"Germany"},
{"CustomerID":"LAUGB","CompanyName":"LAUGB - Laughing Bacchus Wine Cellars","Country":"Canada"},
{"CustomerID":"MEREP","CompanyName":"MEREP - Mère Paillarde","Country":"Canada"},
{"CustomerID":"FAMIA","CompanyName":"FAMIA - Familia Arquibaldo","Country":"Brazil"},
{"CustomerID":"QUEEN","CompanyName":"QUEEN - Queen Cozinha","Country":"Brazil"},
{"CustomerID":"REGGC","CompanyName":"REGGC - Reggiani Caseifici","Country":"Italy"},
{"CustomerID":"HUNGC","CompanyName":"HUNGC - Hungry Coyote Import Store","Country":"USA"},
{"CustomerID":"LILAS","CompanyName":"LILAS - LILA-Supermercado","Country":"Venezuela"},
{"CustomerID":"FRANK","CompanyName":"FRANK - Frankenversand","Country":"Germany"},
{"CustomerID":"QUEDE","CompanyName":"QUEDE - Que Delícia","Country":"Brazil"},
{"CustomerID":"NORTS","CompanyName":"NORTS - North/South","Country":"UK"},
{"CustomerID":"WOLZA","CompanyName":"WOLZA - Wolski  Zajazd","Country":"Poland"},
{"CustomerID":"HILAA","CompanyName":"HILAA - HILARION-Abastos","Country":"Venezuela"},
{"CustomerID":"LEHMS","CompanyName":"LEHMS - Lehmanns Marktstand","Country":"Germany"},
{"CustomerID":"PERIC","CompanyName":"PERIC - Pericles Comidas clásicas","Country":"Mexico"},
{"CustomerID":"HANAR","CompanyName":"HANAR - Hanari Carnes","Country":"Brazil"},
{"CustomerID":"PRINI","CompanyName":"PRINI - Princesa Isabel Vinhos","Country":"Portugal"},
{"CustomerID":"FRANS","CompanyName":"FRANS - Franchi S.p.A.","Country":"Italy"},
{"CustomerID":"CENTC","CompanyName":"CENTC - Centro comercial Moctezuma","Country":"Mexico"},
{"CustomerID":"PICCO","CompanyName":"PICCO - Piccolo und mehr","Country":"Austria"},
{"CustomerID":"SANTG","CompanyName":"SANTG - Santé Gourmet","Country":"Norway"},
{"CustomerID":"LETSS","CompanyName":"LETSS - Let's Stop N Shop","Country":"USA"},
{"CustomerID":"CACTU","CompanyName":"CACTU - Cactus Comidas para llevar","Country":"Argentina"},
{"CustomerID":"WARTH","CompanyName":"WARTH - Wartian Herkku","Country":"Finland"},
{"CustomerID":"FOLKO","CompanyName":"FOLKO - Folk och fä HB","Country":"Sweden"},
{"CustomerID":"CHOPS","CompanyName":"CHOPS - Chop-suey Chinese","Country":"Switzerland"},
{"CustomerID":"OTTIK","CompanyName":"OTTIK - Ottilies Käseladen","Country":"Germany"},
{"CustomerID":"MAISD","CompanyName":"MAISD - Maison Dewey","Country":"Belgium"},
{"CustomerID":"SPECD","CompanyName":"SPECD - Spécialités du monde","Country":"France"},
{"CustomerID":"BOTTM","CompanyName":"BOTTM - Bottom-Dollar Markets","Country":"Canada"},
{"CustomerID":"ERNSH","CompanyName":"ERNSH - Ernst Handel","Country":"Austria"},
{"CustomerID":"CONSH","CompanyName":"CONSH - Consolidated Holdings","Country":"UK"},
{"CustomerID":"WANDK","CompanyName":"WANDK - Die Wandernde Kuh","Country":"Germany"},
{"CustomerID":"OLDWO","CompanyName":"OLDWO - Old World Delicatessen","Country":"USA"},
{"CustomerID":"BLONP","CompanyName":"BLONP - Blondesddsl père et fils","Country":"France"},
{"CustomerID":"HUNGO","CompanyName":"HUNGO - Hungry Owl All-Night Grocers","Country":"Ireland"},
{"CustomerID":"GROSR","CompanyName":"GROSR - GROSELLA-Restaurante","Country":"Venezuela"},
{"CustomerID":"VICTE","CompanyName":"VICTE - Victuailles en stock","Country":"France"},
{"CustomerID":"SPLIR","CompanyName":"SPLIR - Split Rail Beer & Ale","Country":"USA"},
{"CustomerID":"RICSU","CompanyName":"RICSU - Richter Supermarkt","Country":"Switzerland"},
{"CustomerID":"GREAL","CompanyName":"GREAL - Great Lakes Food Market","Country":"USA"},
{"CustomerID":"TOMSP","CompanyName":"TOMSP - Toms Spezialitäten","Country":"Germany"},
{"CustomerID":"FURIB","CompanyName":"FURIB - Furia Bacalhau e Frutos do Mar","Country":"Portugal"},
{"CustomerID":"TRAIH","CompanyName":"TRAIH - Trail's Head Gourmet Provisioners","Country":"USA"},
{"CustomerID":"LAMAI","CompanyName":"LAMAI - La maison d'Asie","Country":"France"},
{"CustomerID":"DRACD","CompanyName":"DRACD - Drachenblut Delikatessen","Country":"Germany"},
{"CustomerID":"DUMON","CompanyName":"DUMON - Du monde entier","Country":"France"},
{"CustomerID":"SEVES","CompanyName":"SEVES - Seven Seas Imports","Country":"UK"},
{"CustomerID":"ROMEY","CompanyName":"ROMEY - Romero y tomillo","Country":"Spain"},
{"CustomerID":"FRANR","CompanyName":"FRANR - France restauration","Country":"France"},
{"CustomerID":"THECR","CompanyName":"THECR - The Cracker Box","Country":"USA"},
{"CustomerID":"VINET","CompanyName":"VINET - Vins et alcools Chevalier","Country":"France"},
{"CustomerID":"LONEP","CompanyName":"LONEP - Lonesome Pine Restaurant","Country":"USA"},
{"CustomerID":"SAVEA","CompanyName":"SAVEA - Save-a-lot Markets","Country":"USA"},
{"CustomerID":"FOLIG","CompanyName":"FOLIG - Folies gourmandes","Country":"France"},
{"CustomerID":"LAZYK","CompanyName":"LAZYK - Lazy K Kountry Store","Country":"USA"},
{"CustomerID":"ANATR","CompanyName":"ANATR - Ana Trujillo Emparedados y helados","Country":"Mexico"},
{"CustomerID":"LACOR","CompanyName":"LACOR - La corne d'abondance","Country":"France"},
{"CustomerID":"KOENE","CompanyName":"KOENE - Königlich Essen","Country":"Germany"},
{"CustomerID":"LINOD","CompanyName":"LINOD - LINO-Delicateses","Country":"Venezuela"},
{"CustomerID":"MORGK","CompanyName":"MORGK - Morgenstern Gesundkost","Country":"Germany"},
{"CustomerID":"GOURL","CompanyName":"GOURL - Gourmet Lanchonetes","Country":"Brazil"},
{"CustomerID":"MAGAA","CompanyName":"MAGAA - Magazzini Alimentari Riuniti","Country":"Italy"},
{"CustomerID":"BERGS","CompanyName":"BERGS - Berglunds snabbköp","Country":"Sweden"},
{"CustomerID":"WILMK","CompanyName":"WILMK - Wilman Kala","Country":"Finland"},
{"CustomerID":"WHITC","CompanyName":"WHITC - White Clover Markets","Country":"USA"},
{"CustomerID":"AROUT","CompanyName":"AROUT - Around the Horn","Country":"UK"},
{"CustomerID":"RATTC","CompanyName":"RATTC - Rattlesnake Canyon Grocery","Country":"USA"},
{"CustomerID":"OCEAN","CompanyName":"OCEAN - Océano Atlántico Ltda.","Country":"Argentina"},
{"CustomerID":"BONAP","CompanyName":"BONAP - Bon app'","Country":"France"},
{"CustomerID":"RANCH","CompanyName":"RANCH - Rancho grande","Country":"Argentina"}]