[
  {
      "Continent": "Asia",
      "country": " Korea",
      "2000": " 8.8",
      "2001": 4.0,
      "2002": 7.2,
      "2003": 2.8,
      "2004": 4.6,
      "2005": "4.0",
      "2006": "5.2",
      "2007": "5.1",
      "2008": "2.3",
      "2009": "0.3",
      "2010": "6.3"
  },
  {
      "Continent": "Asia ",
      "country": " Bahrain",
      "2000": " 5.3",
      "2001": 4.6,
      "2002": 5.3,
      "2003": 7.2,
      "2004": 5.6,
      "2005": "7.8",
      "2006": "6.7",
      "2007": "8.3",
      "2008": "6.3",
      "2009": "3.1",
      "2010": "4.5"
  },
  {
      "Continent": "Asia ",
      "country": " Bangladesh",
      "2000": " 5.9",
      "2001": 5.3,
      "2002": 4.4,
      "2003": 5.3,
      "2004": 6.3,
      "2005": "6.0",
      "2006": "6.6",
      "2007": "6.4",
      "2008": "6.2",
      "2009": "5.7",
      "2010": "6.1"
  },
  {
      "Continent": "Asia ",
      "country": " Bhutan",
      "2000": " 7.5",
      "2001": 7.0,
      "2002": 8.9,
      "2003": 8.6,
      "2004": 8.0,
      "2005": "8.8",
      "2006": "6.8",
      "2007": "17.9",
      "2008": "4.7",
      "2009": "6.7",
      "2010": "7.4"
  },
  {
      "Continent": "Asia ",
      "country": " Brunei",
      "2000": " 2.8",
      "2001": 2.7,
      "2002": 3.9,
      "2003": 2.9,
      "2004": 0.5,
      "2005": "0.4",
      "2006": "4.4",
      "2007": "0.2 ",
      "2008": " -1.9 ",
      "2009": " -1.8",
      "2010": "2.6"
  },
  {
      "Continent": "Asia ",
      "country": " Cambodia",
      "2000": " 8.8",
      "2001": 8.0,
      "2002": 6.7,
      "2003": 8.5,
      "2004": 10.3,
      "2005": "13.3",
      "2006": "10.8",
      "2007": "10.2",
      "2008": "6.7",
      "2009": "0.1",
      "2010": "6.0"
  },
  {
      "Continent": "Asia",
      "country": " China",
      "2000": " 8.4",
      "2001": 8.3,
      "2002": 9.1,
      "2003": 10.0,
      "2004": 10.1,
      "2005": "11.3",
      "2006": "12.7",
      "2007": "14.2",
      "2008": "9.6",
      "2009": "9.2",
      "2010": "10.4"
  },
  {
      "Continent": "Asia ",
      "country": " Cyprus",
      "2000": " 5.0",
      "2001": 4.0,
      "2002": 2.1,
      "2003": 1.9,
      "2004": 4.2,
      "2005": "3.9",
      "2006": "4.1",
      "2007": "5.1",
      "2008": "3.6 ",
      "2009": " -1.7",
      "2010": "1.1"
  },
  {
      "Continent": "Asia ",
      "country": " Georgia",
      "2000": " 1.8",
      "2001": 4.8,
      "2002": 5.5,
      "2003": 11.1,
      "2004": 5.9,
      "2005": "9.6",
      "2006": "9.4",
      "2007": "12.3",
      "2008": "2.3 ",
      "2009": " -3.8",
      "2010": "6.3"
  },
  {
      "Continent": "Asia",
      "country": " Hong Kong",
      "2000": " 8.0",
      "2001": 0.5,
      "2002": 1.8,
      "2003": 3.0,
      "2004": 8.5,
      "2005": "7.1",
      "2006": "7.0",
      "2007": "6.4",
      "2008": "2.3 ",
      "2009": " -2.7",
      "2010": "7.0"
  },
  {
      "Continent": "Asia",
      "country": " India",
      "2000": " 4.0",
      "2001": 4.9,
      "2002": 3.9,
      "2003": 7.9,
      "2004": 7.8,
      "2005": "9.3",
      "2006": "9.3",
      "2007": "9.8",
      "2008": "3.9",
      "2009": "8.2",
      "2010": "9.6"
  },
  {
      "Continent": "Asia ",
      "country": " Indonesia",
      "2000": " 4.9",
      "2001": 3.6,
      "2002": 4.5,
      "2003": 4.8,
      "2004": 5.0,
      "2005": "5.7",
      "2006": "5.5",
      "2007": "6.3",
      "2008": "6.0",
      "2009": "4.6",
      "2010": "6.2"
  },
  {
      "Continent": "Asia",
      "country": " Iran",
      "2000": " 5.1",
      "2001": 3.7,
      "2002": 7.5,
      "2003": 7.1,
      "2004": 5.1,
      "2005": "4.6",
      "2006": "5.9",
      "2007": "7.8",
      "2008": "2.3",
      "2009": "1.8 ",
      "2010": " -"
  },
  {
      "Continent": "Asia ",
      "country": " Israel",
      "2000": " 9.3 ",
      "2001": -0.2,
      "2002": -0.6,
      "2003": 1.5,
      "2004": 4.8,
      "2005": "4.9",
      "2006": "5.6",
      "2007": "5.5",
      "2008": "4.0",
      "2009": "0.8",
      "2010": "4.8"
  },
  {
      "Continent": "Asia",
      "country": " Japan",
      "2000": " 2.3",
      "2001": 0.4,
      "2002": 0.3,
      "2003": 1.7,
      "2004": 2.4,
      "2005": "1.3",
      "2006": "1.7",
      "2007": "2.2 ",
      "2008": " -1.0",
      "2009": " -5.5",
      "2010": "4.4"
  },
  {
      "Continent": "Asia ",
      "country": " Jordan",
      "2000": " 4.2",
      "2001": 5.3,
      "2002": 5.8,
      "2003": 4.2,
      "2004": 8.6,
      "2005": "8.1",
      "2006": "8.1",
      "2007": "8.2",
      "2008": "7.2",
      "2009": "5.5",
      "2010": "2.3"
  },
  {
      "Continent": "Asia ",
      "country": " Kazakhstan",
      "2000": " 9.8",
      "2001": 13.5,
      "2002": 9.8,
      "2003": 9.3,
      "2004": 9.6,
      "2005": "9.7",
      "2006": "10.7",
      "2007": "8.9",
      "2008": "3.3",
      "2009": "1.2",
      "2010": "7.3"
  },
  {
      "Continent": "Asia ",
      "country": " Kuwait",
      "2000": " 4.7",
      "2001": 0.7,
      "2002": 3.0,
      "2003": 17.3,
      "2004": 10.2,
      "2005": "10.6",
      "2006": "5.2",
      "2007": "4.4",
      "2008": "5.0 ",
      "2009": " -5.2",
      "2010": "3.4"
  },
  {
      "Continent": "Asia ",
      "country": " Kyrgyzstan",
      "2000": " 5.4",
      "2001": 5.3,
      "2002": 0.0,
      "2003": 7.0,
      "2004": 7.0,
      "2005": " -0.2",
      "2006": "3.1",
      "2007": "8.5",
      "2008": "8.4",
      "2009": "2.9 ",
      "2010": " -1.4"
  },
  {
      "Continent": "Asia ",
      "country": " Laos",
      "2000": " 5.8",
      "2001": 5.8,
      "2002": 5.9,
      "2003": 6.1,
      "2004": 6.4,
      "2005": "7.1",
      "2006": "8.6",
      "2007": "7.6",
      "2008": "7.8",
      "2009": "7.5",
      "2010": "8.5"
  },
  {
      "Continent": "Asia ",
      "country": " Malaysia",
      "2000": " 8.9",
      "2001": 0.5,
      "2002": 5.4,
      "2003": 5.8,
      "2004": 6.8,
      "2005": "5.3",
      "2006": "5.8",
      "2007": "6.5",
      "2008": "4.8 ",
      "2009": " -1.6",
      "2010": "7.2"
  },
  {
      "Continent": "Asia ",
      "country": " Maldives",
      "2000": " 4.8",
      "2001": 3.5,
      "2002": 6.0,
      "2003": 16.1,
      "2004": 10.3,
      "2005": " -6.8",
      "2006": "19.6",
      "2007": "10.6",
      "2008": "12.2 ",
      "2009": " -4.7",
      "2010": "5.7"
  },
  {
      "Continent": "Asia ",
      "country": " Mongolia",
      "2000": " 1.1",
      "2001": 3.0,
      "2002": 4.7,
      "2003": 7.0,
      "2004": 10.6,
      "2005": "7.3",
      "2006": "8.6",
      "2007": "10.2",
      "2008": "8.9 ",
      "2009": " -1.3",
      "2010": "6.4"
  },
  {
      "Continent": "Asia ",
      "country": " Myanmar",
      "2000": " 13.7",
      "2001": 11.3,
      "2002": 12.0,
      "2003": 13.8,
      "2004": 13.6,
      "2005": " -",
      "2006": " -",
      "2007": " - ",
      "2008": " -",
      "2009": " -",
      "2010": " -"
  },
  {
      "Continent": "Asia",
      "country": " Nepal",
      "2000": " 6.2",
      "2001": 4.8,
      "2002": 0.1,
      "2003": 3.9,
      "2004": 4.7,
      "2005": "3.5",
      "2006": "3.4",
      "2007": "3.4",
      "2008": "6.1",
      "2009": "4.5",
      "2010": "4.8"
  },
  {
      "Continent": "Asia ",
      "country": " Oman",
      "2000": " 5.4",
      "2001": 7.5,
      "2002": 2.6,
      "2003": 0.3,
      "2004": 3.4,
      "2005": "4.0",
      "2006": "5.5",
      "2007": "6.8",
      "2008": "12.8",
      "2009": "1.1",
      "2010": "4.0"
  },
  {
      "Continent": "Asia ",
      "country": " Pakistan",
      "2000": " 4.3",
      "2001": 2.0,
      "2002": 3.2,
      "2003": 4.8,
      "2004": 7.4,
      "2005": "7.7",
      "2006": "6.2",
      "2007": "5.7",
      "2008": "1.6",
      "2009": "3.6",
      "2010": "4.1"
  },
  {
      "Continent": "Asia ",
      "country": " the Philippines",
      "2000": " 4.4",
      "2001": 2.9,
      "2002": 3.6,
      "2003": 5.0,
      "2004": 6.7,
      "2005": "4.8",
      "2006": "5.2",
      "2007": "6.6",
      "2008": "4.2",
      "2009": "1.1",
      "2010": "7.6"
  },
  {
      "Continent": "Asia ",
      "country": " Qatar",
      "2000": " - ",
      "2001": 3.3,
      "2002": 7.1,
      "2003": 3.5,
      "2004": 20.8,
      "2005": "7.6",
      "2006": "18.6",
      "2007": "18.0",
      "2008": "17.7",
      "2009": "12.0",
      "2010": "16.6"
  },
  {
      "Continent": "Asia ",
      "country": " Saudi Arabia",
      "2000": " 4.9",
      "2001": 0.5,
      "2002": 0.1,
      "2003": 7.7,
      "2004": 5.3,
      "2005": "5.6",
      "2006": "3.2",
      "2007": "2.0",
      "2008": "4.2",
      "2009": "0.1",
      "2010": "4.6"
  },
  {
      "Continent": "Asia",
      "country": " Singapore ",
      "2000": " 9.0",
      "2001": -1.2,
      "2002": 4.2,
      "2003": 4.6,
      "2004": 9.2,
      "2005": "7.4",
      "2006": "8.8",
      "2007": "8.9",
      "2008": "1.7 ",
      "2009": " -1.0",
      "2010": "14.8"
  },
  {
      "Continent": "Asia ",
      "country": " Sri Lanka ",
      "2000": " 6.0",
      "2001": -1.5,
      "2002": 4.0,
      "2003": 5.9,
      "2004": 5.4,
      "2005": "6.2",
      "2006": "7.7",
      "2007": "6.8",
      "2008": "6.0",
      "2009": "3.5",
      "2010": "8.0"
  },
  {
      "Continent": "Asia ",
      "country": " Syria",
      "2000": " 2.7",
      "2001": 5.2,
      "2002": 5.9,
      "2003": 0.6,
      "2004": 6.9,
      "2005": "6.2",
      "2006": "5.0",
      "2007": "5.7",
      "2008": "4.5",
      "2009": "6.0",
      "2010": "3.2"
  },
  {
      "Continent": "Asia",
      "country": " Taiwan ",
      "2000": " 5.8",
      "2001": -1.7,
      "2002": 5.3,
      "2003": 3.7,
      "2004": 6.2,
      "2005": "4.7",
      "2006": "5.4",
      "2007": "6.0",
      "2008": "0.7 ",
      "2009": " -1.8",
      "2010": "10.7"
  },
  {
      "Continent": "Asia",
      "country": " Thailand ",
      "2000": " 4.8",
      "2001": 2.2,
      "2002": 5.3,
      "2003": 7.1,
      "2004": 6.3,
      "2005": "4.6",
      "2006": "5.1",
      "2007": "5.0",
      "2008": "2.5 ",
      "2009": " -2.3",
      "2010": "7.8"
  },
  {
      "Continent": "Asia ",
      "country": " Turkey",
      "2000": " 6.8",
      "2001": -5.7,
      "2002": 6.2,
      "2003": 5.3,
      "2004": 9.4,
      "2005": "8.4",
      "2006": "6.9",
      "2007": "4.7",
      "2008": "0.7 ",
      "2009": " -4.8",
      "2010": "9.2"
  },
  {
      "Continent": "Asia ",
      "country": " Vietnam",
      "2000": " 6.8",
      "2001": 6.9,
      "2002": 7.1,
      "2003": 7.3,
      "2004": 7.8,
      "2005": "8.4",
      "2006": "8.2",
      "2007": "8.5",
      "2008": "6.3",
      "2009": "5.3",
      "2010": "6.8"
  },
  {
      "Continent": "Asia",
      "country": " Yemen ",
      "2000": " 6.2",
      "2001": 3.8,
      "2002": 3.9,
      "2003": 3.7,
      "2004": 4.0,
      "2005": "5.6",
      "2006": "3.2",
      "2007": "3.3",
      "2008": "3.6",
      "2009": "3.9",
      "2010": "7.7"
  },
  {
      "Continent": "North America",
      "country": " Canada",
      "2000": " 5.2",
      "2001": 1.8,
      "2002": 2.9,
      "2003": 1.9,
      "2004": 3.1,
      "2005": "3.0",
      "2006": "2.8",
      "2007": "2.2",
      "2008": "0.7 ",
      "2009": " -2.8",
      "2010": "3.2"
  },
  {
      "Continent": "North America",
      "country": " Mexico",
      "2000": " 6.6",
      "2001": -0.2,
      "2002": 0.8,
      "2003": 1.4,
      "2004": 4.1,
      "2005": "3.2",
      "2006": "5.2",
      "2007": "3.3",
      "2008": "1.2 ",
      "2009": " -6.2",
      "2010": "5.5"
  },
  {
      "Continent": "North America",
      "country": " USA",
      "2000": " 4.2",
      "2001": 1.1,
      "2002": 1.8,
      "2003": 2.6,
      "2004": 3.5,
      "2005": "3.1",
      "2006": "2.7",
      "2007": "1.9 ",
      "2008": " -0.4 ",
      "2009": " -3.5",
      "2010": "3.0"
  },
  {
      "Continent": "South America",
      "country": " Antigua and Barbuda ",
      "2000": " 1.5",
      "2001": 2.2,
      "2002": 2.5,
      "2003": 5.1,
      "2004": 7.0,
      "2005": "4.2",
      "2006": "13.3 ",
      "2007": " -9.6",
      "2008": "1.5 ",
      "2009": " -10.3 ",
      "2010": " -8.9"
  },
  {
      "Continent": "South America ",
      "country": " Argentina",
      "2000": " -0.8 ",
      "2001": -4.4,
      "2002": -10.9,
      "2003": 8.8,
      "2004": 9.0,
      "2005": "9.2",
      "2006": "8.5",
      "2007": "8.7",
      "2008": "6.8",
      "2009": "0.9",
      "2010": "9.2"
  },
  {
      "Continent": "South America ",
      "country": " the Bahamas",
      "2000": " 4.1",
      "2001": 2.6,
      "2002": 2.7,
      "2003": -1.3,
      "2004": 0.9,
      "2005": "3.4",
      "2006": "2.5",
      "2007": "1.4 ",
      "2008": " -2.3 ",
      "2009": " -4.9",
      "2010": "0.2"
  },
  {
      "Continent": "South America",
      "country": " Barbados ",
      "2000": " 2.3",
      "2001": -5.1,
      "2002": -3.5,
      "2003": 2.0,
      "2004": 3.7,
      "2005": "3.2",
      "2006": "3.4",
      "2007": "0.5",
      "2008": "0.2 ",
      "2009": " -5.3 ",
      "2010": " -"
  },
  {
      "Continent": "South America ",
      "country": " Belize",
      "2000": " 13.0",
      "2001": 5.0,
      "2002": 5.1,
      "2003": 9.3,
      "2004": 4.6,
      "2005": "3.0",
      "2006": "4.7",
      "2007": "1.3",
      "2008": "3.5",
      "2009": "0.0",
      "2010": "2.9"
  },
  {
      "Continent": "South America ",
      "country": " Bolivia",
      "2000": " 2.5",
      "2001": 1.7,
      "2002": 2.5,
      "2003": 2.7,
      "2004": 4.2,
      "2005": "4.4",
      "2006": "4.8",
      "2007": "4.6",
      "2008": "6.1",
      "2009": "3.4",
      "2010": "4.1"
  },
  {
      "Continent": "South America",
      "country": " Brazil",
      "2000": " 4.3",
      "2001": 1.3,
      "2002": 2.7,
      "2003": 1.1,
      "2004": 5.7,
      "2005": "3.2",
      "2006": "4.0",
      "2007": "6.1",
      "2008": "5.2 ",
      "2009": " -0.3",
      "2010": "7.5"
  },
  {
      "Continent": "South America",
      "country": " Chile ",
      "2000": " 4.5",
      "2001": 3.4,
      "2002": 2.2,
      "2003": 3.9,
      "2004": 6.0,
      "2005": "4.3",
      "2006": "5.7",
      "2007": "5.2",
      "2008": "3.3 ",
      "2009": " -1.0",
      "2010": "6.1"
  },
  {
      "Continent": "South America ",
      "country": " Colombia",
      "2000": " 4.4",
      "2001": 1.7,
      "2002": 2.5,
      "2003": 3.9,
      "2004": 5.3,
      "2005": "4.7",
      "2006": "6.7",
      "2007": "6.9",
      "2008": "3.5",
      "2009": "1.7",
      "2010": "4.0"
  },
  {
      "Continent": "South America ",
      "country": " Costa Rica",
      "2000": " 1.8",
      "2001": 1.1,
      "2002": 2.9,
      "2003": 6.4,
      "2004": 4.3,
      "2005": "5.9",
      "2006": "8.8",
      "2007": "7.9",
      "2008": "2.7 ",
      "2009": " -1.0",
      "2010": "4.7"
  },
  {
      "Continent": "South America",
      "country": " Commonwealth of Dominica ",
      "2000": " -2.3 ",
      "2001": -0.2,
      "2002": -1.8,
      "2003": 7.6,
      "2004": 3.3,
      "2005": " -0.4",
      "2006": "4.6",
      "2007": "3.9",
      "2008": "7.8 ",
      "2009": " -0.7",
      "2010": "0.3"
  },
  {
      "Continent": "South America ",
      "country": " the Dominican Republic",
      "2000": " 5.7",
      "2001": 1.8,
      "2002": 5.8,
      "2003": -0.3,
      "2004": 1.3,
      "2005": "9.3",
      "2006": "10.7",
      "2007": "8.5",
      "2008": "5.3",
      "2009": "3.5",
      "2010": "7.8"
  },
  {
      "Continent": "South America ",
      "country": " Ecuador",
      "2000": " 2.8",
      "2001": 5.3,
      "2002": 5.1,
      "2003": 3.3,
      "2004": 8.8,
      "2005": "5.7",
      "2006": "4.8",
      "2007": "2.0",
      "2008": "7.2",
      "2009": "0.4",
      "2010": "3.6"
  },
  {
      "Continent": "South America ",
      "country": " El Salvador",
      "2000": " 2.2",
      "2001": 1.7,
      "2002": 2.3,
      "2003": 2.3,
      "2004": 1.9,
      "2005": "3.6",
      "2006": "3.9",
      "2007": "3.8",
      "2008": "1.3 ",
      "2009": " -3.1",
      "2010": "1.4"
  },
  {
      "Continent": "South America ",
      "country": " Guatemala",
      "2000": " 3.6",
      "2001": 2.3,
      "2002": 3.9,
      "2003": 2.5,
      "2004": 3.2,
      "2005": "3.3",
      "2006": "5.4",
      "2007": "6.3",
      "2008": "3.3",
      "2009": "0.5",
      "2010": "2.9"
  },
  {
      "Continent": "South America ",
      "country": " Guyana",
      "2000": " -1.4",
      "2001": 2.2,
      "2002": 1.1,
      "2003": -1.0,
      "2004": 3.3,
      "2005": " -2.0",
      "2006": "5.1",
      "2007": "7.0",
      "2008": "2.0",
      "2009": "3.3",
      "2010": "4.4"
  },
  {
      "Continent": "South America",
      "country": " Haiti ",
      "2000": " 0.9",
      "2001": -1.0,
      "2002": -0.3,
      "2003": 0.4,
      "2004": -3.5,
      "2005": "1.8",
      "2006": "2.3",
      "2007": "3.3",
      "2008": "0.8",
      "2009": "2.9 ",
      "2010": " -5.4"
  },
  {
      "Continent": "South America ",
      "country": " Honduras",
      "2000": " 5.7",
      "2001": 2.7,
      "2002": 3.8,
      "2003": 4.5,
      "2004": 6.2,
      "2005": "6.1",
      "2006": "6.6",
      "2007": "6.2",
      "2008": "4.2 ",
      "2009": " -2.1",
      "2010": "2.8"
  },
  {
      "Continent": "South America ",
      "country": " Jamaica",
      "2000": " 0.9",
      "2001": 1.3,
      "2002": 1.0,
      "2003": 5.0,
      "2004": 1.4,
      "2005": "1.0",
      "2006": "3.2",
      "2007": "0.6 ",
      "2008": " -1.7 ",
      "2009": " -2.6 ",
      "2010": " -0.6"
  },
  {
      "Continent": "South America ",
      "country": " Nicaragua",
      "2000": " 4.1",
      "2001": 3.0,
      "2002": 0.8,
      "2003": 2.5,
      "2004": 5.3,
      "2005": "4.3",
      "2006": "4.2",
      "2007": "3.6",
      "2008": "2.8 ",
      "2009": " -1.5",
      "2010": "4.5"
  },
  {
      "Continent": "South America ",
      "country": " Panama",
      "2000": " 2.7",
      "2001": 0.6,
      "2002": 2.2,
      "2003": 4.2,
      "2004": 7.5,
      "2005": "7.2",
      "2006": "8.5",
      "2007": "12.1",
      "2008": "10.1",
      "2009": "3.2",
      "2010": "8.3"
  },
  {
      "Continent": "South America ",
      "country": " Paraguay",
      "2000": " -3.3",
      "2001": 2.1,
      "2002": 0.0,
      "2003": 3.8,
      "2004": 4.1,
      "2005": "2.9",
      "2006": "4.3",
      "2007": "6.8",
      "2008": "5.8 ",
      "2009": " -3.8",
      "2010": "15.0"
  },
  {
      "Continent": "South America ",
      "country": " Peru",
      "2000": " 3.0",
      "2001": 0.2,
      "2002": 5.0,
      "2003": 4.0,
      "2004": 5.0,
      "2005": "6.8",
      "2006": "7.7",
      "2007": "8.9",
      "2008": "9.8",
      "2009": "0.8",
      "2010": "8.8"
  },
  {
      "Continent": "South America",
      "country": " St. Kitts and Nevis",
      "2000": " 2.8",
      "2001": 2.0,
      "2002": 1.0,
      "2003": 0.5,
      "2004": 7.6,
      "2005": "5.6",
      "2006": "5.5 ",
      "2007": " -4.9",
      "2008": "4.0 ",
      "2009": " -5.6 ",
      "2010": " -2.7"
  },
  {
      "Continent": "South America",
      "country": " Saint Lucia ",
      "2000": " 0.0",
      "2001": -5.1,
      "2002": 3.1,
      "2003": 2.0,
      "2004": 5.6,
      "2005": "4.3",
      "2006": "5.9",
      "2007": "1.2",
      "2008": "5.4 ",
      "2009": " -16.9",
      "2010": "4.4"
  },
  {
      "Continent": "South America ",
      "country": " Saint Vincent and the Grenadines",
      "2000": " 1.8",
      "2001": 2.2,
      "2002": 3.8,
      "2003": 3.1,
      "2004": 6.6,
      "2005": "2.1",
      "2006": "9.5",
      "2007": "3.1 ",
      "2008": " -0.6 ",
      "2009": " -2.3 ",
      "2010": " -1.8"
  },
  {
      "Continent": "South America ",
      "country": " Trinidad and Tobago",
      "2000": " 6.1",
      "2001": 4.1,
      "2002": 8.0,
      "2003": 14.4,
      "2004": 7.9,
      "2005": "5.8",
      "2006": "13.2",
      "2007": "4.8",
      "2008": "2.7 ",
      "2009": " -3.3",
      "2010": "0.0"
  },
  {
      "Continent": "South America ",
      "country": " Uruguay",
      "2000": " -1.9 ",
      "2001": -3.8,
      "2002": -7.7,
      "2003": 0.8,
      "2004": 5.0,
      "2005": "7.5",
      "2006": "4.1",
      "2007": "6.5",
      "2008": "7.2",
      "2009": "2.4",
      "2010": "8.9"
  },
  {
      "Continent": "South America ",
      "country": " Venezuela",
      "2000": " 3.7",
      "2001": 3.4,
      "2002": -8.9,
      "2003": -7.8,
      "2004": 18.3,
      "2005": "10.3",
      "2006": "9.9",
      "2007": "8.8",
      "2008": "5.3 ",
      "2009": " -3.2 ",
      "2010": " -1.5"
  },
  {
      "Continent": "Europe ",
      "country": " Albania",
      "2000": " 7.3",
      "2001": 7.0,
      "2002": 2.9,
      "2003": 5.7,
      "2004": 5.9,
      "2005": "5.5",
      "2006": "5.0",
      "2007": "5.9",
      "2008": "7.7",
      "2009": "3.3",
      "2010": "3.5"
  },
  {
      "Continent": "Europe ",
      "country": " Austria",
      "2000": " 3.7",
      "2001": 0.9,
      "2002": 1.7,
      "2003": 0.9,
      "2004": 2.6,
      "2005": "2.4",
      "2006": "3.7",
      "2007": "3.7",
      "2008": "1.4 ",
      "2009": " -3.8",
      "2010": "2.3"
  },
  {
      "Continent": "Europe",
      "country": " Belarus",
      "2000": " 5.8",
      "2001": 4.7,
      "2002": 5.0,
      "2003": 7.0,
      "2004": 11.4,
      "2005": "9.4",
      "2006": "10.0",
      "2007": "8.6",
      "2008": "10.2",
      "2009": "0.2",
      "2010": "7.7"
  },
  {
      "Continent": "Europe ",
      "country": " Belgium",
      "2000": " 3.7",
      "2001": 0.8,
      "2002": 1.4,
      "2003": 0.8,
      "2004": 3.3,
      "2005": "1.8",
      "2006": "2.7",
      "2007": "2.9",
      "2008": "1.0 ",
      "2009": " -2.8",
      "2010": "2.2"
  },
  {
      "Continent": "Europe ",
      "country": " Bulgaria",
      "2000": " 5.7",
      "2001": 4.2,
      "2002": 4.7,
      "2003": 5.5,
      "2004": 6.7,
      "2005": "6.4",
      "2006": "6.6",
      "2007": "6.4",
      "2008": "6.2 ",
      "2009": " -5.5",
      "2010": "0.4"
  },
  {
      "Continent": "Europe ",
      "country": " Croatia",
      "2000": " 3.8",
      "2001": 3.7,
      "2002": 4.9,
      "2003": 5.4,
      "2004": 4.1,
      "2005": "4.3",
      "2006": "4.9",
      "2007": "5.1",
      "2008": "2.2 ",
      "2009": " -6.0 ",
      "2010": " -1.2"
  },
  {
      "Continent": "Europe ",
      "country": " the Czech Republic",
      "2000": " 4.2",
      "2001": 3.1,
      "2002": 2.1,
      "2003": 3.8,
      "2004": 4.7,
      "2005": "6.8",
      "2006": "7.0",
      "2007": "5.7",
      "2008": "3.1 ",
      "2009": " -4.7",
      "2010": "2.7"
  },
  {
      "Continent": "Europe ",
      "country": " Denmark",
      "2000": " 3.5",
      "2001": 0.7,
      "2002": 0.5,
      "2003": 0.4,
      "2004": 2.3,
      "2005": "2.4",
      "2006": "3.4",
      "2007": "1.6 ",
      "2008": " -0.8 ",
      "2009": " -5.8",
      "2010": "1.3"
  },
  {
      "Continent": "Europe ",
      "country": " Estonia",
      "2000": " 9.7",
      "2001": 6.3,
      "2002": 6.6,
      "2003": 7.8,
      "2004": 6.3,
      "2005": "8.9",
      "2006": "10.1",
      "2007": "7.5 ",
      "2008": " -3.7 ",
      "2009": " -14.3",
      "2010": "2.3"
  },
  {
      "Continent": "Europe ",
      "country": " Finland",
      "2000": " 5.3",
      "2001": 2.3,
      "2002": 1.8,
      "2003": 2.0,
      "2004": 4.1,
      "2005": "2.9",
      "2006": "4.4",
      "2007": "5.3",
      "2008": "0.3 ",
      "2009": " -8.4",
      "2010": "3.7"
  },
  {
      "Continent": "Europe",
      "country": " France",
      "2000": " 3.7",
      "2001": 1.8,
      "2002": 0.9,
      "2003": 0.9,
      "2004": 2.5,
      "2005": "1.8",
      "2006": "2.5",
      "2007": "2.3 ",
      "2008": " -0.1 ",
      "2009": " -3.1",
      "2010": "1.7"
  },
  {
      "Continent": "Europe",
      "country": " Germany",
      "2000": " 3.1",
      "2001": 1.5,
      "2002": 0.0,
      "2003": -0.4,
      "2004": 1.2,
      "2005": "0.7",
      "2006": "3.7",
      "2007": "3.3",
      "2008": "1.1 ",
      "2009": " -5.1",
      "2010": "3.7"
  },
  {
      "Continent": "Europe ",
      "country": " Greece",
      "2000": " 4.5",
      "2001": 4.2,
      "2002": 3.4,
      "2003": 5.9,
      "2004": 4.4,
      "2005": "2.3",
      "2006": "5.5",
      "2007": "3.0 ",
      "2008": " -0.2 ",
      "2009": " -3.3 ",
      "2010": " -3.5"
  },
  {
      "Continent": "Europe ",
      "country": " Hungary",
      "2000": " 4.2",
      "2001": 3.7,
      "2002": 4.5,
      "2003": 3.9,
      "2004": 4.8,
      "2005": "4.0",
      "2006": "3.9",
      "2007": "0.1",
      "2008": "0.9 ",
      "2009": " -6.8",
      "2010": "1.3"
  },
  {
      "Continent": "Europe ",
      "country": " Iceland",
      "2000": " 4.3",
      "2001": 3.9,
      "2002": 0.1,
      "2003": 2.4,
      "2004": 7.8,
      "2005": "7.2",
      "2006": "4.7",
      "2007": "6.0",
      "2008": "1.3 ",
      "2009": " -6.8 ",
      "2010": " -4.0"
  },
  {
      "Continent": "Europe ",
      "country": " Ireland",
      "2000": " - ",
      "2001": 4.8,
      "2002": 5.9,
      "2003": 4.2,
      "2004": 4.5,
      "2005": "5.3",
      "2006": "5.3",
      "2007": "5.2 ",
      "2008": " -3.0 ",
      "2009": " -7.0 ",
      "2010": " -0.4"
  },
  {
      "Continent": "Europe",
      "country": " Italy",
      "2000": " 3.7",
      "2001": 1.9,
      "2002": 0.5,
      "2003": 0.0,
      "2004": 1.7,
      "2005": "0.9",
      "2006": "2.2",
      "2007": "1.7 ",
      "2008": " -1.2 ",
      "2009": " -5.5",
      "2010": "1.8"
  },
  {
      "Continent": "Europe ",
      "country": " Latvia",
      "2000": " 6.9",
      "2001": 8.0,
      "2002": 6.5,
      "2003": 7.2,
      "2004": 8.7,
      "2005": "10.6",
      "2006": "12.2",
      "2007": "10.0 ",
      "2008": " -4.2 ",
      "2009": " -18.0 ",
      "2010": " -0.3"
  },
  {
      "Continent": "Europe ",
      "country": " Lithuania",
      "2000": " 3.3",
      "2001": 6.7,
      "2002": 6.9,
      "2003": 10.2,
      "2004": 7.4,
      "2005": "7.8",
      "2006": "7.8",
      "2007": "9.8",
      "2008": "2.9 ",
      "2009": " -14.7",
      "2010": "1.3"
  },
  {
      "Continent": "Europe ",
      "country": " Luxembourg 2) ",
      "2000": " 8.4",
      "2001": 2.5,
      "2002": 4.1,
      "2003": 1.5,
      "2004": 4.4,
      "2005": "5.4",
      "2006": "5.0",
      "2007": "6.6",
      "2008": "0.8 ",
      "2009": " -5.3",
      "2010": "2.7"
  },
  {
      "Continent": "Europe ",
      "country": " Macedonia ",
      "2000": " 4.5",
      "2001": -4.5,
      "2002": 0.9,
      "2003": 2.8,
      "2004": 4.6,
      "2005": "4.4",
      "2006": "5.0",
      "2007": "6.1",
      "2008": "5.0 ",
      "2009": " -0.9",
      "2010": "1.8"
  },
  {
      "Continent": "Europe ",
      "country": " Malta ",
      "2000": " 6.8",
      "2001": -1.5,
      "2002": 2.8,
      "2003": 0.1,
      "2004": -0.5,
      "2005": "3.7",
      "2006": "2.2",
      "2007": "4.3",
      "2008": "4.4 ",
      "2009": " -2.7",
      "2010": "2.7"
  },
  {
      "Continent": "Europe ",
      "country": " the Netherlands",
      "2000": " 3.9",
      "2001": 1.9,
      "2002": 0.1,
      "2003": 0.3,
      "2004": 2.2,
      "2005": "2.0",
      "2006": "3.4",
      "2007": "3.9",
      "2008": "1.8 ",
      "2009": " -3.5",
      "2010": "1.7"
  },
  {
      "Continent": "Europe ",
      "country": " Norway",
      "2000": " 3.3",
      "2001": 2.0,
      "2002": 1.5,
      "2003": 1.0,
      "2004": 4.0,
      "2005": "2.6",
      "2006": "2.5",
      "2007": "2.7",
      "2008": "0.0 ",
      "2009": " -1.7",
      "2010": "0.7"
  },
  {
      "Continent": "Europe ",
      "country": " Poland",
      "2000": " 4.3",
      "2001": 1.2,
      "2002": 1.4,
      "2003": 3.9,
      "2004": 5.3,
      "2005": "3.6",
      "2006": "6.2",
      "2007": "6.8",
      "2008": "5.1",
      "2009": "1.6",
      "2010": "3.9"
  },
  {
      "Continent": "Europe",
      "country": " Portugal",
      "2000": " 3.9",
      "2001": 2.0,
      "2002": 0.8,
      "2003": -0.9,
      "2004": 1.6,
      "2005": "0.8",
      "2006": "1.4",
      "2007": "2.4",
      "2008": "0.0 ",
      "2009": " -2.9",
      "2010": "1.4"
  },
  {
      "Continent": "Europe ",
      "country": " Romania",
      "2000": " 2.1",
      "2001": 5.7,
      "2002": 5.1,
      "2003": 5.2,
      "2004": 8.4,
      "2005": "4.2",
      "2006": "7.9",
      "2007": "6.0",
      "2008": "9.4 ",
      "2009": " -8.5",
      "2010": "0.9"
  },
  {
      "Continent": "Europe",
      "country": " Russia",
      "2000": " 10.0",
      "2001": 5.1,
      "2002": 4.7,
      "2003": 7.3,
      "2004": 7.2,
      "2005": "6.4",
      "2006": "8.2",
      "2007": "8.5",
      "2008": "5.2 ",
      "2009": " -7.8",
      "2010": "4.3"
  },
  {
      "Continent": "Europe",
      "country": " San Marino ",
      "2000": " 2.2",
      "2001": 5.6,
      "2002": 0.3,
      "2003": 3.9,
      "2004": 4.6,
      "2005": "2.3",
      "2006": "3.9",
      "2007": "3.5",
      "2008": "1.9 ",
      "2009": " -",
      "2010": " -"
  },
  {
      "Continent": "Europe ",
      "country": " Slovakia",
      "2000": " 1.4",
      "2001": 3.5,
      "2002": 4.6,
      "2003": 4.8,
      "2004": 5.1,
      "2005": "6.7",
      "2006": "8.3",
      "2007": "10.5",
      "2008": "5.8 ",
      "2009": " -4.9",
      "2010": "4.2"
  },
  {
      "Continent": "Europe ",
      "country": " Slovenia",
      "2000": " 4.3",
      "2001": 2.9,
      "2002": 3.8,
      "2003": 2.9,
      "2004": 4.4,
      "2005": "4.0",
      "2006": "5.8",
      "2007": "6.9",
      "2008": "3.6 ",
      "2009": " -8.0",
      "2010": "1.4"
  },
  {
      "Continent": "Europe",
      "country": " Spain",
      "2000": " 5.0",
      "2001": 3.7,
      "2002": 2.7,
      "2003": 3.1,
      "2004": 3.3,
      "2005": "3.6",
      "2006": "4.1",
      "2007": "3.5",
      "2008": "0.9 ",
      "2009": " -3.7 ",
      "2010": " -0.1"
  },
  {
      "Continent": "Europe ",
      "country": " Sweden",
      "2000": " 4.5",
      "2001": 1.3,
      "2002": 2.5,
      "2003": 2.3,
      "2004": 4.2,
      "2005": "3.2",
      "2006": "4.3",
      "2007": "3.3 ",
      "2008": " -0.6 ",
      "2009": " -5.0",
      "2010": "6.2"
  },
  {
      "Continent": "Europe",
      "country": " Switzerland",
      "2000": " 3.6",
      "2001": 1.2,
      "2002": 0.4,
      "2003": -0.2,
      "2004": 2.5,
      "2005": "2.6",
      "2006": "3.6",
      "2007": "3.6",
      "2008": "2.1 ",
      "2009": " -1.9",
      "2010": "2.7"
  },
  {
      "Continent": "Europe",
      "country": " the United Kingdom",
      "2000": " 4.5",
      "2001": 3.2,
      "2002": 2.7,
      "2003": 3.5,
      "2004": 3.0,
      "2005": "2.1",
      "2006": "2.6",
      "2007": "3.5 ",
      "2008": " -1.1 ",
      "2009": " -4.4",
      "2010": "2.1"
  },
  {
      "Continent": "Africa",
      "country": " Angola",
      "2000": " 3.0",
      "2001": 3.1,
      "2002": 14.5,
      "2003": 3.3,
      "2004": 11.2,
      "2005": "18.3",
      "2006": "20.7",
      "2007": "22.6",
      "2008": "13.8",
      "2009": "2.4",
      "2010": "3.4"
  },
  {
      "Continent": "Africa ",
      "country": " Benin",
      "2000": " 5.8",
      "2001": 5.0,
      "2002": 4.5,
      "2003": 3.9,
      "2004": 3.1,
      "2005": "2.9",
      "2006": "4.1",
      "2007": "4.6",
      "2008": "5.1",
      "2009": "3.8",
      "2010": "3.0"
  },
  {
      "Continent": "Africa",
      "country": " Botswana ",
      "2000": " 5.9",
      "2001": 3.5,
      "2002": 9.0,
      "2003": 6.3,
      "2004": 6.0,
      "2005": "1.6",
      "2006": "5.1",
      "2007": "4.8",
      "2008": "2.9 ",
      "2009": " -4.8",
      "2010": "7.0"
  },
  {
      "Continent": "Africa ",
      "country": " Burkina Faso",
      "2000": " 1.8",
      "2001": 6.6,
      "2002": 4.7,
      "2003": 8.0,
      "2004": 4.6,
      "2005": "8.7",
      "2006": "6.8",
      "2007": "3.6",
      "2008": "5.8",
      "2009": "3.0",
      "2010": "7.9"
  },
  {
      "Continent": "Africa",
      "country": " Burundi ",
      "2000": " -0.9",
      "2001": 2.1,
      "2002": 4.4,
      "2003": -1.2,
      "2004": 4.8,
      "2005": "0.9",
      "2006": "5.4",
      "2007": "4.8",
      "2008": "5.0",
      "2009": "3.5",
      "2010": "3.8"
  },
  {
      "Continent": "Africa ",
      "country": " Cameroon",
      "2000": " 4.2",
      "2001": 4.5,
      "2002": 4.0,
      "2003": 4.0,
      "2004": 3.7,
      "2005": "2.3",
      "2006": "3.2",
      "2007": "3.5",
      "2008": "2.9",
      "2009": "2.0",
      "2010": "3.2"
  },
  {
      "Continent": "Africa",
      "country": " Cape Verde ",
      "2000": " 16.8",
      "2001": 6.1,
      "2002": 5.3,
      "2003": 4.7,
      "2004": 4.3,
      "2005": "6.5",
      "2006": "10.1",
      "2007": "8.6",
      "2008": "6.2",
      "2009": "3.7",
      "2010": "5.2"
  },
  {
      "Continent": "Africa",
      "country": " Central African Republic",
      "2000": " 2.3",
      "2001": 0.3,
      "2002": -0.6,
      "2003": -7.6,
      "2004": 1.0,
      "2005": "2.4",
      "2006": "3.8",
      "2007": "3.7",
      "2008": "2.0",
      "2009": "1.7",
      "2010": "3.3"
  },
  {
      "Continent": "Africa ",
      "country": " Congo",
      "2000": " 7.6",
      "2001": 3.8,
      "2002": 4.6,
      "2003": 0.8,
      "2004": 3.5,
      "2005": "7.8",
      "2006": "6.1 ",
      "2007": " -1.6",
      "2008": "5.6",
      "2009": "7.5",
      "2010": "8.8"
  },
  {
      "Continent": "Africa ",
      "country": " Democratic Republic of the Congo",
      "2000": " -6.9 ",
      "2001": -2.1,
      "2002": 3.5,
      "2003": 5.8,
      "2004": 6.6,
      "2005": "7.8",
      "2006": "5.6",
      "2007": "6.3",
      "2008": "6.2",
      "2009": "2.8",
      "2010": "7.2"
  },
  {
      "Continent": "Africa",
      "country": " Egypt",
      "2000": " 5.4",
      "2001": 3.5,
      "2002": 2.4,
      "2003": 3.2,
      "2004": 4.1,
      "2005": "4.5",
      "2006": "6.8",
      "2007": "7.1",
      "2008": "7.2",
      "2009": "4.7",
      "2010": "5.1"
  },
  {
      "Continent": "Africa ",
      "country": " Ethiopia",
      "2000": " 6.1",
      "2001": 8.3,
      "2002": 1.5,
      "2003": -2.2,
      "2004": 13.6,
      "2005": "11.8",
      "2006": "10.8",
      "2007": "11.5",
      "2008": "10.8",
      "2009": "8.8",
      "2010": "9.9"
  },
  {
      "Continent": "Africa",
      "country": " Ghana",
      "2000": " 3.7",
      "2001": 4.0,
      "2002": 4.5,
      "2003": 5.2,
      "2004": 5.6,
      "2005": "5.9",
      "2006": "6.4",
      "2007": "6.5",
      "2008": "8.4",
      "2009": "4.0",
      "2010": "8.0"
  },
  {
      "Continent": "Africa",
      "country": " Guinea-Bissau",
      "2000": " 7.5",
      "2001": 0.2,
      "2002": -7.1,
      "2003": -0.6,
      "2004": 2.2,
      "2005": "3.5",
      "2006": "2.1",
      "2007": "3.2",
      "2008": "3.2",
      "2009": "3.0",
      "2010": "3.5"
  },
  {
      "Continent": "Africa ",
      "country": " Kenya",
      "2000": " 0.6",
      "2001": 3.8,
      "2002": 0.5,
      "2003": 2.9,
      "2004": 5.1,
      "2005": "5.9",
      "2006": "6.3",
      "2007": "7.0",
      "2008": "1.5",
      "2009": "2.6",
      "2010": "5.6"
  },
  {
      "Continent": "Africa ",
      "country": " Lesotho",
      "2000": " 5.7",
      "2001": 4.2,
      "2002": 1.1,
      "2003": 4.3,
      "2004": 2.3,
      "2005": "2.7",
      "2006": "4.3",
      "2007": "4.7",
      "2008": "5.4",
      "2009": "2.9",
      "2010": "5.6"
  },
  {
      "Continent": "Africa",
      "country": " Libya ",
      "2000": " 3.7",
      "2001": -4.3,
      "2002": -1.3,
      "2003": 13.0,
      "2004": 4.4,
      "2005": "9.9",
      "2006": "5.9",
      "2007": "6.0",
      "2008": "3.8",
      "2009": "2.1 ",
      "2010": " -"
  },
  {
      "Continent": "Africa ",
      "country": " Madagascar",
      "2000": " 4.8",
      "2001": 6.0,
      "2002": -12.7,
      "2003": 9.8,
      "2004": 5.3,
      "2005": "4.6",
      "2006": "5.0",
      "2007": "6.2",
      "2008": "7.1 ",
      "2009": " -4.6",
      "2010": "1.6"
  },
  {
      "Continent": "Africa",
      "country": " Malawi ",
      "2000": " 1.6",
      "2001": -5.0,
      "2002": 1.7,
      "2003": 5.5,
      "2004": 5.5,
      "2005": "2.6",
      "2006": "7.7",
      "2007": "5.8",
      "2008": "8.3",
      "2009": "9.0",
      "2010": "6.5"
  },
  {
      "Continent": "Africa ",
      "country": " Mali",
      "2000": " 3.2",
      "2001": 12.1,
      "2002": 4.2,
      "2003": 7.4,
      "2004": 2.2,
      "2005": "6.1",
      "2006": "5.3",
      "2007": "4.3",
      "2008": "5.0",
      "2009": "4.5",
      "2010": "5.8"
  },
  {
      "Continent": "Africa ",
      "country": " Mauritius",
      "2000": " 9.0",
      "2001": 2.6,
      "2002": 2.1,
      "2003": 3.7,
      "2004": 5.7,
      "2005": "1.2",
      "2006": "3.9",
      "2007": "5.9",
      "2008": "5.5",
      "2009": "3.0",
      "2010": "4.1"
  },
  {
      "Continent": "Africa ",
      "country": " Morocco",
      "2000": " 1.6",
      "2001": 7.6,
      "2002": 3.3,
      "2003": 6.3,
      "2004": 4.8,
      "2005": "3.0",
      "2006": "7.8",
      "2007": "2.7",
      "2008": "5.6",
      "2009": "4.8",
      "2010": "3.7"
  },
  {
      "Continent": "Africa ",
      "country": " Mozambique",
      "2000": " 1.1",
      "2001": 11.9,
      "2002": 8.8,
      "2003": 6.0,
      "2004": 7.9,
      "2005": "9.6",
      "2006": "6.3",
      "2007": "7.3",
      "2008": "6.8",
      "2009": "6.3",
      "2010": "6.8"
  },
  {
      "Continent": "Africa ",
      "country": " Namibia",
      "2000": " 3.5",
      "2001": 1.2,
      "2002": 4.8,
      "2003": 4.2,
      "2004": 12.3,
      "2005": "2.5",
      "2006": "7.1",
      "2007": "5.4",
      "2008": "3.4 ",
      "2009": " -0.4",
      "2010": "6.6"
  },
  {
      "Continent": "Africa ",
      "country": " Niger",
      "2000": " -1.4",
      "2001": 7.1,
      "2002": 3.0,
      "2003": 5.3,
      "2004": 0.1,
      "2005": "4.5",
      "2006": "5.8",
      "2007": "3.4",
      "2008": "8.7 ",
      "2009": " -0.9",
      "2010": "8.0"
  },
  {
      "Continent": "Africa ",
      "country": " Nigeria",
      "2000": " 5.4",
      "2001": 3.1,
      "2002": 1.5,
      "2003": 10.3,
      "2004": 10.6,
      "2005": "5.4",
      "2006": "6.2",
      "2007": "6.4",
      "2008": "6.0",
      "2009": "7.0",
      "2010": "7.8"
  },
  {
      "Continent": "Africa ",
      "country": " Senegal",
      "2000": " 3.2",
      "2001": 4.6,
      "2002": 0.7,
      "2003": 6.7,
      "2004": 5.9,
      "2005": "5.6",
      "2006": "2.5",
      "2007": "4.9",
      "2008": "3.7",
      "2009": "2.1",
      "2010": "4.1"
  },
  {
      "Continent": "Africa ",
      "country": " Seychelles ",
      "2000": " 4.3",
      "2001": -2.3,
      "2002": 1.2,
      "2003": -5.9,
      "2004": -2.9,
      "2005": "7.5",
      "2006": "9.3",
      "2007": "9.6 ",
      "2008": " -1.0",
      "2009": "0.5",
      "2010": "6.7"
  },
  {
      "Continent": "Africa ",
      "country": " Sierra Leone",
      "2000": " 3.8",
      "2001": 18.2,
      "2002": 27.5,
      "2003": 9.3,
      "2004": 7.5,
      "2005": "7.2",
      "2006": "7.3",
      "2007": "6.4",
      "2008": "5.5",
      "2009": "3.2",
      "2010": "4.9"
  },
  {
      "Continent": "Africa ",
      "country": " South Africa",
      "2000": " 4.2",
      "2001": 2.7,
      "2002": 3.7,
      "2003": 2.9,
      "2004": 4.6,
      "2005": "5.3",
      "2006": "5.6",
      "2007": "5.5",
      "2008": "3.6 ",
      "2009": " -1.5",
      "2010": "2.9"
  },
  {
      "Continent": "Africa ",
      "country": " Swaziland",
      "2000": " 1.8",
      "2001": 1.2,
      "2002": 1.8,
      "2003": 2.2,
      "2004": 2.9,
      "2005": "2.5",
      "2006": "3.3",
      "2007": "3.5",
      "2008": "2.4",
      "2009": "1.2",
      "2010": "2.0"
  },
  {
      "Continent": "Africa ",
      "country": " Tanzania",
      "2000": " 4.9",
      "2001": 6.0,
      "2002": 7.2,
      "2003": 6.9,
      "2004": 7.8,
      "2005": "7.4",
      "2006": "6.7",
      "2007": "7.1",
      "2008": "7.4",
      "2009": "6.0",
      "2010": "7.0"
  },
  {
      "Continent": "Africa ",
      "country": " Togo",
      "2000": " -0.8 ",
      "2001": -1.6,
      "2002": -0.9,
      "2003": 5.0,
      "2004": 2.1,
      "2005": "1.2",
      "2006": "4.1",
      "2007": "2.3",
      "2008": "2.4",
      "2009": "3.2",
      "2010": "3.7"
  },
  {
      "Continent": "Africa ",
      "country": " Tunisia",
      "2000": " 4.3",
      "2001": 4.8,
      "2002": 1.7,
      "2003": 5.5,
      "2004": 6.0,
      "2005": "4.0",
      "2006": "5.7",
      "2007": "6.3",
      "2008": "4.5",
      "2009": "3.1",
      "2010": "3.0"
  },
  {
      "Continent": "Africa ",
      "country": " Zambia",
      "2000": " 3.6",
      "2001": 4.9,
      "2002": 3.3,
      "2003": 5.1,
      "2004": 5.4,
      "2005": "5.3",
      "2006": "6.2",
      "2007": "6.2",
      "2008": "5.7",
      "2009": "6.4",
      "2010": "7.6"
  },
  {
      "Continent": "Africa ",
      "country": " Zimbabwe",
      "2000": " -3.1",
      "2001": 1.4,
      "2002": -8.9,
      "2003": -17.0,
      "2004": -5.8,
      "2005": " -5.7 ",
      "2006": " -3.5 ",
      "2007": " -3.7 ",
      "2008": " -17.7",
      "2009": "6.0",
      "2010": "9.0"
  },
  {
      "Continent": "Oceania",
      "country": " Australia",
      "2000": " 4.0",
      "2001": 2.1,
      "2002": 3.9,
      "2003": 3.3,
      "2004": 4.2,
      "2005": "3.0",
      "2006": "3.1",
      "2007": "3.6",
      "2008": "3.8",
      "2009": "1.4",
      "2010": "2.3"
  },
  {
      "Continent": "Oceania ",
      "country": " Fiji",
      "2000": " -1.7",
      "2001": 2.0,
      "2002": 3.2,
      "2003": 1.0,
      "2004": 5.3,
      "2005": "0.7",
      "2006": "1.8 ",
      "2007": " -0.9",
      "2008": "1.0 ",
      "2009": " -1.3 ",
      "2010": " -0.2"
  },
  {
      "Continent": "Oceania ",
      "country": " New Zealand",
      "2000": " 2.6",
      "2001": 3.6,
      "2002": 4.9,
      "2003": 4.3,
      "2004": 3.8,
      "2005": "3.3",
      "2006": "0.8",
      "2007": "3.0 ",
      "2008": " -1.5",
      "2009": " -0.5",
      "2010": "1.9"
  },
  {
      "Continent": "Oceania",
      "country": " Papua New Guinea ",
      "2000": " -2.5 ",
      "2001": -0.1,
      "2002": -0.2,
      "2003": 2.2,
      "2004": 2.7,
      "2005": "3.6",
      "2006": "2.6",
      "2007": "7.2",
      "2008": "6.7",
      "2009": "5.5",
      "2010": "8.0"
  },
  {
      "Continent": "Oceania",
      "country": " Solomon Islands ",
      "2000": " -14.3 ",
      "2001": -8.0,
      "2002": -2.8,
      "2003": 6.5,
      "2004": 4.9,
      "2005": "5.4",
      "2006": "6.9",
      "2007": "10.7",
      "2008": "7.3 ",
      "2009": " -1.2",
      "2010": "7.0"
  }
]
