[
  {
    "1997": 524,
    "1998": 265,
    "1999": 315,
    "2000": 729,
    "2001": 785,
    "2002": 599,
    "2003": 271,
    "2004": 544,
    "2005": 516,
    "2006": 405,
    "2007": 418,
    "2008": 389,
    "2009": 570,
    "2010": 282,
    "2011": 277,
    "2012": 197,
    "term": "The first half",
    "category": "count"
  },
  {
    "1997": 2330,
    "1998": 1014,
    "1999": 473,
    "2000": 25953,
    "2001": 963,
    "2002": 4467,
    "2003": 133,
    "2004": 1588,
    "2005": 2067,
    "2006": 254,
    "2007": 1381,
    "2008": 297,
    "2009": 1090,
    "2010": 72,
    "2011": 230,
    "2012": 227,
    "term": "The first half",
    "category": "area"
  },
  {
    "1997": 4,
    "1998": 4,
    "1999": 2,
    "2000": 36,
    "2001": 1,
    "2002": 8,
    "2003": 1,
    "2004": 3,
    "2005": 4,
    "2006": 1,
    "2007": 1,
    "2008": 1,
    "2009": 2,
    "2010": 1,
    "2011": 4,
    "2012": 0,
    "term": "The first half",
    "category": "per damage"
  },
  {
    "1997": 41,
    "1998": 44,
    "1999": 6,
    "2000": 1373,
    "2001": 34,
    "2002": 324,
    "2003": 2,
    "2004": 53,
    "2005": 114,
    "2006": 8,
    "2007": 6,
    "2008": 5,
    "2009": 92,
    "2010": 11,
    "2011": 53,
    "2012": 2,
    "term": "The first half",
    "category": "damage enrolled"
  },
  {
    "1997": 1629,
    "1998": 2516,
    "1999": 665,
    "2000": 65242,
    "2001": 2717,
    "2002": 8953,
    "2003": 277,
    "2004": 4069,
    "2005": 7526,
    "2006": 433,
    "2007": 3883,
    "2008": 4451,
    "2009": 29063,
    "2010": 2542,
    "2011": 377,
    "2012": 436,
    "term": "In the first half",
    "category": "damages"
  },
  {
    "1997": 524,
    "1998": 265,
    "1999": 315,
    "2000": 729,
    "2001": 785,
    "2002": 599,
    "2003": 271,
    "2004": 544,
    "2005": 516,
    "2006": 405,
    "2007": 418,
    "2008": 389,
    "2009": 570,
    "2010": 282,
    "2011": 277,
    "2012": 197,
    "term": "The second half",
    "category": "count"
  },
  {
    "1997": 2330,
    "1998": 1014,
    "1999": 473,
    "2000": 25953,
    "2001": 963,
    "2002": 4467,
    "2003": 133,
    "2004": 1588,
    "2005": 2067,
    "2006": 254,
    "2007": 1381,
    "2008": 297,
    "2009": 1090,
    "2010": 72,
    "2011": 230,
    "2012": 227,
    "term": "The second half",
    "category": "area"
  },
  {
    "1997": 4,
    "1998": 4,
    "1999": 2,
    "2000": 36,
    "2001": 1,
    "2002": 8,
    "2003": 1,
    "2004": 3,
    "2005": 4,
    "2006": 1,
    "2007": 1,
    "2008": 1,
    "2009": 2,
    "2010": 1,
    "2011": 4,
    "2012": 0,
    "term": "Latter",
    "category": "per damage"
  },
  {
    "1997": 41,
    "1998": 44,
    "1999": 6,
    "2000": 1373,
    "2001": 34,
    "2002": 324,
    "2003": 2,
    "2004": 53,
    "2005": 114,
    "2006": 8,
    "2007": 6,
    "2008": 5,
    "2009": 92,
    "2010": 11,
    "2011": 53,
    "2012": 2,
    "term": "Late",
    "category": "damage registered"
  },
  {
    "1997": 1629,
    "1998": 2516,
    "1999": 665,
    "2000": 65242,
    "2001": 2717,
    "2002": 8953,
    "2003": 277,
    "2004": 4069,
    "2005": 7526,
    "2006": 433,
    "2007": 3883,
    "2008": 4451,
    "2009": 29063,
    "2010": 2542,
    "2011": 377,
    "2012": 436,
    "term": "The second half",
    "category": "damages"
  },
  {
    "1997": 1997,
    "1998": 1998,
    "1999": 1999,
    "2000": 2000,
    "2001": 2001,
    "2002": 2002,
    "2003": 2003,
    "2004": 2004,
    "2005": 2005,
    "2006": 2006,
    "2007": 2007,
    "2008": 2008,
    "2009": 2009,
    "2010": 2010,
    "2011": 2011,
    "2012": 2012,
    "term": "term",
    "category": "category"
  },
  {
    "1997": 524,
    "1998": 265,
    "1999": 315,
    "2000": 729,
    "2001": 785,
    "2002": 599,
    "2003": 271,
    "2004": 544,
    "2005": 516,
    "2006": 405,
    "2007": 418,
    "2008": 389,
    "2009": 570,
    "2010": 282,
    "2011": 277,
    "2012": 197,
    "term": "The first half",
    "category": "count"
  },
  {
    "1997": 2330,
    "1998": 1014,
    "1999": 473,
    "2000": 25953,
    "2001": 963,
    "2002": 4467,
    "2003": 133,
    "2004": 1588,
    "2005": 2067,
    "2006": 254,
    "2007": 1381,
    "2008": 297,
    "2009": 1090,
    "2010": 72,
    "2011": 230,
    "2012": 227,
    "term": "The first half",
    "category": "area"
  },
  {
    "1997": 4,
    "1998": 4,
    "1999": 2,
    "2000": 36,
    "2001": 1,
    "2002": 8,
    "2003": 1,
    "2004": 3,
    "2005": 4,
    "2006": 1,
    "2007": 1,
    "2008": 1,
    "2009": 2,
    "2010": 1,
    "2011": 4,
    "2012": 0,
    "term": "The first half",
    "category": "per damage"
  },
  {
    "1997": 41,
    "1998": 44,
    "1999": 6,
    "2000": 1373,
    "2001": 34,
    "2002": 324,
    "2003": 2,
    "2004": 53,
    "2005": 114,
    "2006": 8,
    "2007": 6,
    "2008": 5,
    "2009": 92,
    "2010": 11,
    "2011": 53,
    "2012": 2,
    "term": "The first half",
    "category": "damage enrolled"
  },
  {
    "1997": 1629,
    "1998": 2516,
    "1999": 665,
    "2000": 65242,
    "2001": 2717,
    "2002": 8953,
    "2003": 277,
    "2004": 4069,
    "2005": 7526,
    "2006": 433,
    "2007": 3883,
    "2008": 4451,
    "2009": 29063,
    "2010": 2542,
    "2011": 377,
    "2012": 436,
    "term": "In the first half",
    "category": "damages"
  },
  {
    "1997": 524,
    "1998": 265,
    "1999": 315,
    "2000": 729,
    "2001": 785,
    "2002": 599,
    "2003": 271,
    "2004": 544,
    "2005": 516,
    "2006": 405,
    "2007": 418,
    "2008": 389,
    "2009": 570,
    "2010": 282,
    "2011": 277,
    "2012": 197,
    "term": "The second half",
    "category": "count"
  },
  {
    "1997": 2330,
    "1998": 1014,
    "1999": 473,
    "2000": 25953,
    "2001": 963,
    "2002": 4467,
    "2003": 133,
    "2004": 1588,
    "2005": 2067,
    "2006": 254,
    "2007": 1381,
    "2008": 297,
    "2009": 1090,
    "2010": 72,
    "2011": 230,
    "2012": 227,
    "term": "The second half",
    "category": "area"
  },
  {
    "1997": 4,
    "1998": 4,
    "1999": 2,
    "2000": 36,
    "2001": 1,
    "2002": 8,
    "2003": 1,
    "2004": 3,
    "2005": 4,
    "2006": 1,
    "2007": 1,
    "2008": 1,
    "2009": 2,
    "2010": 1,
    "2011": 4,
    "2012": 0,
    "term": "Latter",
    "category": "per damage"
  },
  {
    "1997": 41,
    "1998": 44,
    "1999": 6,
    "2000": 1373,
    "2001": 34,
    "2002": 324,
    "2003": 2,
    "2004": 53,
    "2005": 114,
    "2006": 8,
    "2007": 6,
    "2008": 5,
    "2009": 92,
    "2010": 11,
    "2011": 53,
    "2012": 2,
    "term": "Late",
    "category": "damage registered"
  },
  {
    "1997": 1629,
    "1998": 2516,
    "1999": 665,
    "2000": 65242,
    "2001": 2717,
    "2002": 8953,
    "2003": 277,
    "2004": 4069,
    "2005": 7526,
    "2006": 433,
    "2007": 3883,
    "2008": 4451,
    "2009": 29063,
    "2010": 2542,
    "2011": 377,
    "2012": 436,
    "term": "The second half",
    "category": "damages"
  },
  {
    "1997": 1997,
    "1998": 1998,
    "1999": 1999,
    "2000": 2000,
    "2001": 2001,
    "2002": 2002,
    "2003": 2003,
    "2004": 2004,
    "2005": 2005,
    "2006": 2006,
    "2007": 2007,
    "2008": 2008,
    "2009": 2009,
    "2010": 2010,
    "2011": 2011,
    "2012": 2012,
    "term": "term",
    "category": "category"
  },
  {
    "1997": 524,
    "1998": 265,
    "1999": 315,
    "2000": 729,
    "2001": 785,
    "2002": 599,
    "2003": 271,
    "2004": 544,
    "2005": 516,
    "2006": 405,
    "2007": 418,
    "2008": 389,
    "2009": 570,
    "2010": 282,
    "2011": 277,
    "2012": 197,
    "term": "The first half",
    "category": "count"
  },
  {
    "1997": 2330,
    "1998": 1014,
    "1999": 473,
    "2000": 25953,
    "2001": 963,
    "2002": 4467,
    "2003": 133,
    "2004": 1588,
    "2005": 2067,
    "2006": 254,
    "2007": 1381,
    "2008": 297,
    "2009": 1090,
    "2010": 72,
    "2011": 230,
    "2012": 227,
    "term": "The first half",
    "category": "area"
  }
]
