{
    "rows": [{
        "icon": "0",
        "Col0": "남자",
        "Col1": "11723",
        "Col2": "1258",
        "Col3": "29500",
        "Col4": "21401",
        "Col5": "28261",
        "Col6": "3732",
        "Col7": "7393",
        "rows": [{
            "icon": "2",
            "Col0": "아시아",
            "Col1": "4244",
            "Col2": "133",
            "Col3": "11565",
            "Col4": "5866",
            "Col5": "9024",
            "Col6": "2256",
            "Col7": "4129",
            "rows": [{
                "icon": "4",
                "Col0": "키프로스",
                "Col1": "12",
                "Col2": "0",
                "Col3": "26",
                "Col4": "43",
                "Col5": "40",
                "Col6": "14",
                "Col7": "14"
            }, {
                "icon": "5",
                "Col0": "일본",
                "Col1": "1570",
                "Col2": "20",
                "Col3": "8120",
                "Col4": "4590",
                "Col5": "5990",
                "Col6": "1370",
                "Col7": "3100"
            }, {
                "icon": "6",
                "Col0": "마카오",
                "Col1": "0",
                "Col2": "-",
                "Col3": "12",
                "Col4": "34",
                "Col5": "19",
                "Col6": "21",
                "Col7": "12"
            }, {
                "icon": "7",
                "Col0": "터키",
                "Col1": "2662",
                "Col2": "113",
                "Col3": "3407",
                "Col4": "1199",
                "Col5": "2975",
                "Col6": "851",
                "Col7": "1003"
            }]
        }, {
            "icon": "2",
            "Col0": "북아메리카",
            "Col1": "7062",
            "Col2": "1101",
            "Col3": "17234",
            "Col4": "14992",
            "Col5": "18465",
            "Col6": "1321",
            "Col7": "2658",
            "rows": [{
                "icon": "8",
                "Col0": "캐나다",
                "Col1": "319",
                "Col2": "225",
                "Col3": "1537",
                "Col4": "1565",
                "Col5": "1654",
                "Col6": "470",
                "Col7": "837"
            }, {
                "icon": "9",
                "Col0": "멕시코",
                "Col1": "5093",
                "Col2": "162",
                "Col3": "4448",
                "Col4": "3522",
                "Col5": "5484",
                "Col6": "851",
                "Col7": "1821"
            }, {
                "icon": "10",
                "Col0": "미국",
                "Col1": "1650",
                "Col2": "714",
                "Col3": "11249",
                "Col4": "9905",
                "Col5": "11327",
                "Col6": "-",
                "Col7": "-"
            }]
        }, {
            "icon": "2",
            "Col0": "남아메리카",
            "Col1": "417",
            "Col2": "24",
            "Col3": "701",
            "Col4": "543",
            "Col5": "772",
            "Col6": "155",
            "Col7": "606",
            "rows": [{
                "icon": "11",
                "Col0": "코스타리카",
                "Col1": "220",
                "Col2": "2",
                "Col3": "161",
                "Col4": "160",
                "Col5": "251",
                "Col6": "44",
                "Col7": "124"
            }, {
                "icon": "12",
                "Col0": "파나마",
                "Col1": "168",
                "Col2": "3",
                "Col3": "78",
                "Col4": "144",
                "Col5": "159",
                "Col6": "29",
                "Col7": "92"
            }, {
                "icon": "13",
                "Col0": "페루",
                "Col1": "29",
                "Col2": "19",
                "Col3": "462",
                "Col4": "239",
                "Col5": "362",
                "Col6": "82",
                "Col7": "390"
            }]
        }]
    }, {
        "icon": "1",
        "Col0": "여자",
        "Col1": "716",
        "Col2": "474",
        "Col3": "1988",
        "Col4": "402",
        "Col5": "3991",
        "Col6": "893",
        "Col7": "751",
        "rows": [{
            "icon": "2",
            "Col0": "유럽",
            "Col1": "285",
            "Col2": "417",
            "Col3": "928",
            "Col4": "148",
            "Col5": "1314",
            "Col6": "401",
            "Col7": "369",
            "rows": [{
                "icon": "14",
                "Col0": "오스트리아",
                "Col1": "105",
                "Col2": "2",
                "Col3": "186",
                "Col4": "46",
                "Col5": "372",
                "Col6": "172",
                "Col7": "62"
            }, {
                "icon": "15",
                "Col0": "벨기에",
                "Col1": "21",
                "Col2": "1",
                "Col3": "186",
                "Col4": "28",
                "Col5": "298",
                "Col6": "79",
                "Col7": "81"
            }, {
                "icon": "16",
                "Col0": "불가리아",
                "Col1": "105",
                "Col2": "406",
                "Col3": "11",
                "Col4": "33",
                "Col5": "294",
                "Col6": "46",
                "Col7": "115"
            }, {
                "icon": "17",
                "Col0": "체코",
                "Col1": "54",
                "Col2": "8",
                "Col3": "545",
                "Col4": "41",
                "Col5": "350",
                "Col6": "104",
                "Col7": "111"
            }]
        }, {
            "icon": "2",
            "Col0": "아프리카",
            "Col1": "270",
            "Col2": "36",
            "Col3": "673",
            "Col4": "116",
            "Col5": "1607",
            "Col6": "13",
            "Col7": "158",
            "rows": [{
                "icon": "18",
                "Col0": "모리셔스",
                "Col1": "13",
                "Col2": "0",
                "Col3": "43",
                "Col4": "2",
                "Col5": "27",
                "Col6": "13",
                "Col7": "6"
            }, {
                "icon": "19",
                "Col0": "남아프리카공화국",
                "Col1": "257",
                "Col2": "36",
                "Col3": "630",
                "Col4": "114",
                "Col5": "1580",
                "Col6": "-",
                "Col7": "152"
            }]
        }, {
            "icon": "2",
            "Col0": "오세아니아",
            "Col1": "161",
            "Col2": "21",
            "Col3": "387",
            "Col4": "138",
            "Col5": "1070",
            "Col6": "479",
            "Col7": "224",
            "rows": [{
                "icon": "20",
                "Col0": "오스트레일리아",
                "Col1": "112",
                "Col2": "21",
                "Col3": "304",
                "Col4": "118",
                "Col5": "884",
                "Col6": "418",
                "Col7": "188"
            }, {
                "icon": "21",
                "Col0": "뉴질랜드",
                "Col1": "49",
                "Col2": "-",
                "Col3": "83",
                "Col4": "20",
                "Col5": "186",
                "Col6": "61",
                "Col7": "36"
            }]
        }]
    }]
}
