[
   {
      "OrderID":"10248",
      "CustomerID":"VINET",
      "CustomerID2":"VINAC",
      "EmployeeID":"5",
      "dateTime1":"201730",
      "dateTime2":"2017-30",
      "dateTime3":"201730",
      "OrderDate":"1996-07-04 오전 12:00:00",
      "RequiredDate":"1996-08-01 오전 12:00:00",
      "ShippedDate":"1996-07-16 오전 12:00:00",
      "ShipVia":"3",
      "Freight":"32.3800",
      "ShipName":"Vins et alcools Chevalier\r\nVins et alcools Chevalier\r\nVins et alcools Chevalier",
      "ShipAddress":"59 rue de l\u0027Abbaye",
      "ShipCity":"Reims",
      "ShipRegion":null,
      "ShipPostalCode":"51100",
      "ShipCountry":"France",
      "CompanyName":"Vins et alcools Chevalier\r\n",
      "Country":"France",
      "Shipping":"True",
      "SmallFlag":"/resource/image/smallflag/fr.png",
      "NormalFlag":"/resource/image/normalflag/fr.png",
      "Phone":"26.47.15.10",
      "ProductName":"Queso Cabrales",
      "QuantityPerUnit":"1 kg pkg.",
      "Quantity":"1200",
      "UnitPrice":"14.0000"
   },
   {
      "OrderID":"10248",
      "CustomerID":"VINET",
      "CustomerID2":"VINAC",
      "EmployeeID":"5",
      "dateTime1":"201730",
      "dateTime2":"2017-30",
      "dateTime3":"201730",
      "OrderDate":"1996-07-04 오전 12:00:00",
      "RequiredDate":"1996-08-01 오전 12:00:00",
      "ShippedDate":"1996-07-16 오전 12:00:00",
      "ShipVia":"3",
      "Freight":"32.3800",
      "ShipName":"Vins et alcools Chevalier\r\nVins et alcools Chevalier\r\nVins et alcools Chevalier",
      "ShipAddress":"59 rue de l\u0027Abbaye",
      "ShipCity":"Reims",
      "ShipRegion":null,
      "ShipPostalCode":"51100",
      "ShipCountry":"France",
      "CompanyName":"Vins et alcools Chevalier\r\n",
      "Country":"France",
      "Shipping":"True",
      "SmallFlag":"/resource/image/smallflag/fr.png",
      "NormalFlag":"/resource/image/normalflag/fr.png",
      "Phone":"26.47.15.10",
      "ProductName":"Singaporean Hokkien Fried Mee",
      "QuantityPerUnit":"32 - 1 kg pkgs.",
      "Quantity":"10",
      "UnitPrice":"9.8000"
   },
   {
      "OrderID":"10248",
      "CustomerID":"VINET",
      "CustomerID2":"VINAC",
      "EmployeeID":"5",
      "dateTime1":"201730",
      "dateTime2":"2017-30",
      "dateTime3":"201730",
      "OrderDate":"1996-07-04 오전 12:00:00",
      "RequiredDate":"1996-08-01 오전 12:00:00",
      "ShippedDate":"1996-07-16 오전 12:00:00",
      "ShipVia":"3",
      "Freight":"32.3800",
      "ShipName":"Vins et alcools Chevalier\r\nVins et alcools Chevalier\r\nVins et alcools Chevalier",
      "ShipAddress":"59 rue de l\u0027Abbaye",
      "ShipCity":"Reims",
      "ShipRegion":null,
      "ShipPostalCode":"51100",
      "ShipCountry":"France",
      "CompanyName":"Vins et alcools Chevalier\r\n",
      "Country":"France",
      "Shipping":"True",
      "SmallFlag":"/resource/image/smallflag/fr.png",
      "NormalFlag":"/resource/image/normalflag/fr.png",
      "Phone":"26.47.15.10",
      "ProductName":"Mozzarella di Giovanni",
      "QuantityPerUnit":"24 - 200 g pkgs.",
      "Quantity":"5",
      "UnitPrice":"34.8000"
   },
   {
      "OrderID":"10249",
      "CustomerID":"TOMSP",
      "CustomerID2":"TOMSP",
      "EmployeeID":"6",
      "dateTime1":"201730",
      "dateTime2":"2017-30",
      "dateTime3":"201730",
      "OrderDate":"1996-07-05 오전 12:00:00",
      "RequiredDate":"1996-08-16 오전 12:00:00",
      "ShippedDate":"1996-07-10 오전 12:00:00",
      "ShipVia":"1",
      "Freight":"11.6100",
      "ShipName":"Toms Spezialitaten",
      "ShipAddress":"Luisenstr. 48",
      "ShipCity":"Munster",
      "ShipRegion":null,
      "ShipPostalCode":"44087",
      "ShipCountry":"Germany",
      "CompanyName":"Toms Spezialitaten",
      "Country":"Germany",
      "Shipping":"False",
      "SmallFlag":"/resource/image/smallflag/de.png",
      "NormalFlag":"/resource/image/normalflag/de.png",
      "Phone":"0251-031259",
      "ProductName":"Tofu",
      "QuantityPerUnit":"40 - 100 g pkgs.",
      "Quantity":"9",
      "UnitPrice":"18.6000"
   },
   {
      "OrderID":"10249",
      "CustomerID":"TOMSP",
      "CustomerID2":"TOMSP",
      "EmployeeID":"6",
      "dateTime1":"201730",
      "dateTime2":"2017-30",
      "dateTime3":"201730",
      "OrderDate":"1996-07-05 오전 12:00:00",
      "RequiredDate":"1996-08-16 오전 12:00:00",
      "ShippedDate":"1996-07-10 오전 12:00:00",
      "ShipVia":"1",
      "Freight":"11.6100",
      "ShipName":"Toms Spezialitaten",
      "ShipAddress":"Luisenstr. 48",
      "ShipCity":"Munster",
      "ShipRegion":null,
      "ShipPostalCode":"44087",
      "ShipCountry":"Germany",
      "CompanyName":"Toms Spezialitaten",
      "Country":"Germany",
      "Shipping":"False",
      "SmallFlag":"/resource/image/smallflag/de.png",
      "NormalFlag":"/resource/image/normalflag/de.png",
      "Phone":"0251-031259",
      "ProductName":"Manjimup Dried Apples",
      "QuantityPerUnit":"50 - 300 g pkgs.",
      "Quantity":"1004",
      "UnitPrice":"42.4000"
   },
   {
      "OrderID":"10250",
      "CustomerID":"HANAR",
      "CustomerID2":"HANAR",
      "EmployeeID":"4",
      "dateTime1":"201730",
      "dateTime2":"2017-30",
      "dateTime3":"201730",
      "OrderDate":"1996-07-08 오전 12:00:00",
      "RequiredDate":"1996-08-05 오전 12:00:00",
      "ShippedDate":"1996-07-12 오전 12:00:00",
      "ShipVia":"2",
      "Freight":"65.8300",
      "ShipName":"Hanari Carnes",
      "ShipAddress":"Rua do Paco, 67",
      "ShipCity":"Rio de Janeiro",
      "ShipRegion":"RJ",
      "ShipPostalCode":"05454-876",
      "ShipCountry":"Brazil",
      "CompanyName":"Hanari Carnes",
      "Country":"Brazil",
      "Shipping":"True",
      "SmallFlag":"/resource/image/smallflag/br.png",
      "NormalFlag":"/resource/image/normalflag/br.png",
      "Phone":"(21) 555-0091",
      "ProductName":"Jack\u0027s New England Clam Chowder",
      "QuantityPerUnit":"12 - 12 oz cans",
      "Quantity":"10",
      "UnitPrice":"7.7000"
   },
   {
      "OrderID":"10250",
      "CustomerID":"HANAR",
      "CustomerID2":"HANAR",
      "EmployeeID":"4",
      "dateTime1":"201730",
      "dateTime2":"2017-30",
      "dateTime3":"201730",
      "OrderDate":"1996-07-08 오전 12:00:00",
      "RequiredDate":"1996-08-05 오전 12:00:00",
      "ShippedDate":"1996-07-12 오전 12:00:00",
      "ShipVia":"2",
      "Freight":"65.8300",
      "ShipName":"Hanari Carnes",
      "ShipAddress":"Rua do Paco, 67",
      "ShipCity":"Rio de Janeiro",
      "ShipRegion":"RJ",
      "ShipPostalCode":"05454-876",
      "ShipCountry":"Brazil",
      "CompanyName":"Hanari Carnes",
      "Country":"Brazil",
      "Shipping":"True",
      "SmallFlag":"/resource/image/smallflag/br.png",
      "NormalFlag":"/resource/image/normalflag/br.png",
      "Phone":"(21) 555-0091",
      "ProductName":"Manjimup Dried Apples",
      "QuantityPerUnit":"50 - 300 g pkgs.",
      "Quantity":"35",
      "UnitPrice":"42.4000"
   },
   {
      "OrderID":"10250",
      "CustomerID":"HANAR",
      "CustomerID2":"HANAR",
      "EmployeeID":"4",
      "dateTime1":"201730",
      "dateTime2":"2017-30",
      "dateTime3":"201730",
      "OrderDate":"1996-07-08 오전 12:00:00",
      "RequiredDate":"1996-08-05 오전 12:00:00",
      "ShippedDate":"1996-07-12 오전 12:00:00",
      "ShipVia":"2",
      "Freight":"65.8300",
      "ShipName":"Hanari Carnes",
      "ShipAddress":"Rua do Paco, 67",
      "ShipCity":"Rio de Janeiro",
      "ShipRegion":"RJ",
      "ShipPostalCode":"05454-876",
      "ShipCountry":"Brazil",
      "CompanyName":"Hanari Carnes",
      "Country":"Brazil",
      "Shipping":"True",
      "SmallFlag":"/resource/image/smallflag/br.png",
      "NormalFlag":"/resource/image/normalflag/br.png",
      "Phone":"(21) 555-0091",
      "ProductName":"Louisiana Fiery Hot Pepper Sauce",
      "QuantityPerUnit":"32 - 8 oz bottles",
      "Quantity":"15",
      "UnitPrice":"16.8000"
   },
   {
      "OrderID":"10251",
      "CustomerID":"VICTE",
      "CustomerID2":"VICES",
      "EmployeeID":"3",
      "dateTime1":"201730",
      "dateTime2":"2017-30",
      "dateTime3":"201730",
      "OrderDate":"1996-07-08 오전 12:00:00",
      "RequiredDate":"1996-08-05 오전 12:00:00",
      "ShippedDate":"1996-07-15 오전 12:00:00",
      "ShipVia":"1",
      "Freight":"41.3400",
      "ShipName":"Victuailles en stock",
      "ShipAddress":"2, rue du Commerce",
      "ShipCity":"Lyon",
      "ShipRegion":null,
      "ShipPostalCode":"69004",
      "ShipCountry":"France",
      "CompanyName":"Victuailles en stock",
      "Country":"France",
      "Shipping":"False",
      "SmallFlag":"/resource/image/smallflag/fr.png",
      "NormalFlag":"/resource/image/normalflag/fr.png",
      "Phone":"78.32.54.86",
      "ProductName":"Gustaf\u0027s Knackebrod",
      "QuantityPerUnit":"24 - 500 g pkgs.",
      "Quantity":"6",
      "UnitPrice":"16.8000"
   },
   {
      "OrderID":"10251",
      "CustomerID":"VICTE",
      "CustomerID2":"VICES",
      "EmployeeID":"3",
      "dateTime1":"201730",
      "dateTime2":"2017-30",
      "dateTime3":"201730",
      "OrderDate":"1996-07-08 오전 12:00:00",
      "RequiredDate":"1996-08-05 오전 12:00:00",
      "ShippedDate":"1996-07-15 오전 12:00:00",
      "ShipVia":"1",
      "Freight":"41.3400",
      "ShipName":"Victuailles en stock",
      "ShipAddress":"2, rue du Commerce",
      "ShipCity":"Lyon",
      "ShipRegion":null,
      "ShipPostalCode":"69004",
      "ShipCountry":"France",
      "CompanyName":"Victuailles en stock",
      "Country":"France",
      "Shipping":"False",
      "SmallFlag":"/resource/image/smallflag/fr.png",
      "NormalFlag":"/resource/image/normalflag/fr.png",
      "Phone":"78.32.54.86",
      "ProductName":"Ravioli Angelo",
      "QuantityPerUnit":"24 - 250 g pkgs.",
      "Quantity":"15",
      "UnitPrice":"15.6000"
   },
   {
      "OrderID":"10251",
      "CustomerID":"VICTE",
      "CustomerID2":"VICES",
      "EmployeeID":"3",
      "dateTime1":"201730",
      "dateTime2":"2017-30",
      "dateTime3":"201730",
      "OrderDate":"1996-07-08 오전 12:00:00",
      "RequiredDate":"1996-08-05 오전 12:00:00",
      "ShippedDate":"1996-07-15 오전 12:00:00",
      "ShipVia":"1",
      "Freight":"41.3400",
      "ShipName":"Victuailles en stock",
      "ShipAddress":"2, rue du Commerce",
      "ShipCity":"Lyon",
      "ShipRegion":null,
      "ShipPostalCode":"69004",
      "ShipCountry":"France",
      "CompanyName":"Victuailles en stock",
      "Country":"France",
      "Shipping":"False",
      "SmallFlag":"/resource/image/smallflag/fr.png",
      "NormalFlag":"/resource/image/normalflag/fr.png",
      "Phone":"78.32.54.86",
      "ProductName":"Louisiana Fiery Hot Pepper Sauce",
      "QuantityPerUnit":"32 - 8 oz bottles",
      "Quantity":"20",
      "UnitPrice":"16.8000"
   },
   {
      "OrderID":"10252",
      "CustomerID":"SUPRD",
      "CustomerID2":"SUPRD",
      "EmployeeID":"4",
      "dateTime1":"201730",
      "dateTime2":"2017-30",
      "dateTime3":"201730",
      "OrderDate":"1996-07-09 오전 12:00:00",
      "RequiredDate":"1996-08-06 오전 12:00:00",
      "ShippedDate":"1996-07-11 오전 12:00:00",
      "ShipVia":"2",
      "Freight":"51.3000",
      "ShipName":"Supremes delices",
      "ShipAddress":"Boulevard Tirou, 255",
      "ShipCity":"Charleroi",
      "ShipRegion":null,
      "ShipPostalCode":"B-6000",
      "ShipCountry":"Belgium",
      "CompanyName":"Supremes delices",
      "Country":"Belgium",
      "Shipping":"True",
      "SmallFlag":"/resource/image/smallflag/be.png",
      "NormalFlag":"/resource/image/normalflag/be.png",
      "Phone":"(071) 23 67 22 20",
      "ProductName":"Sir Rodney\u0027s Marmalade",
      "QuantityPerUnit":"30 gift boxes",
      "Quantity":"40",
      "UnitPrice":"64.8000"
   },
   {
      "OrderID":"10252",
      "CustomerID":"SUPRD",
      "CustomerID2":"SUPRD",
      "EmployeeID":"4",
      "dateTime1":"201730",
      "dateTime2":"2017-30",
      "dateTime3":"201730",
      "OrderDate":"1996-07-09 오전 12:00:00",
      "RequiredDate":"1996-08-06 오전 12:00:00",
      "ShippedDate":"1996-07-11 오전 12:00:00",
      "ShipVia":"2",
      "Freight":"51.3000",
      "ShipName":"Supremes delices",
      "ShipAddress":"Boulevard Tirou, 255",
      "ShipCity":"Charleroi",
      "ShipRegion":null,
      "ShipPostalCode":"B-6000",
      "ShipCountry":"Belgium",
      "CompanyName":"Supremes delices",
      "Country":"Belgium",
      "Shipping":"True",
      "SmallFlag":"/resource/image/smallflag/be.png",
      "NormalFlag":"/resource/image/normalflag/be.png",
      "Phone":"(071) 23 67 22 20",
      "ProductName":"Geitost",
      "QuantityPerUnit":"500 g",
      "Quantity":"25",
      "UnitPrice":"2.0000"
   },
   {
      "OrderID":"10252",
      "CustomerID":"SUPRD",
      "CustomerID2":"SUPRD",
      "EmployeeID":"4",
      "dateTime1":"201730",
      "dateTime2":"2017-30",
      "dateTime3":"201730",
      "OrderDate":"1996-07-09 오전 12:00:00",
      "RequiredDate":"1996-08-06 오전 12:00:00",
      "ShippedDate":"1996-07-11 오전 12:00:00",
      "ShipVia":"2",
      "Freight":"51.3000",
      "ShipName":"Supremes delices",
      "ShipAddress":"Boulevard Tirou, 255",
      "ShipCity":"Charleroi",
      "ShipRegion":null,
      "ShipPostalCode":"B-6000",
      "ShipCountry":"Belgium",
      "CompanyName":"Supremes delices",
      "Country":"Belgium",
      "Shipping":"True",
      "SmallFlag":"/resource/image/smallflag/be.png",
      "NormalFlag":"/resource/image/normalflag/be.png",
      "Phone":"(071) 23 67 22 20",
      "ProductName":"Camembert Pierrot",
      "QuantityPerUnit":"15 - 300 g rounds",
      "Quantity":"40",
      "UnitPrice":"27.2000"
   },
   {
      "OrderID":"10253",
      "CustomerID":"HANAR",
      "CustomerID2":"HANAR",
      "EmployeeID":"3",
      "dateTime1":"201730",
      "dateTime2":"2017-30",
      "dateTime3":"201730",
      "OrderDate":"1996-07-10 오전 12:00:00",
      "RequiredDate":"1996-07-24 오전 12:00:00",
      "ShippedDate":"1996-07-16 오전 12:00:00",
      "ShipVia":"2",
      "Freight":"58.1700",
      "ShipName":"Hanari Carnes",
      "ShipAddress":"Rua do Paco, 67",
      "ShipCity":"Rio de Janeiro",
      "ShipRegion":"RJ",
      "ShipPostalCode":"05454-876",
      "ShipCountry":"Brazil",
      "CompanyName":"Hanari Carnes",
      "Country":"Brazil",
      "Shipping":"False",
      "SmallFlag":"/resource/image/smallflag/br.png",
      "NormalFlag":"/resource/image/normalflag/br.png",
      "Phone":"(21) 555-0091",
      "ProductName":"Gorgonzola Telino",
      "QuantityPerUnit":"12 - 100 g pkgs",
      "Quantity":"20",
      "UnitPrice":"10.0000"
   },
   {
      "OrderID":"10253",
      "CustomerID":"HANAR",
      "CustomerID2":"HANAR",
      "EmployeeID":"3",
      "dateTime1":"201730",
      "dateTime2":"2017-30",
      "dateTime3":"201730",
      "OrderDate":"1996-07-10 오전 12:00:00",
      "RequiredDate":"1996-07-24 오전 12:00:00",
      "ShippedDate":"1996-07-16 오전 12:00:00",
      "ShipVia":"2",
      "Freight":"58.1700",
      "ShipName":"Hanari Carnes",
      "ShipAddress":"Rua do Paco, 67",
      "ShipCity":"Rio de Janeiro",
      "ShipRegion":"RJ",
      "ShipPostalCode":"05454-876",
      "ShipCountry":"Brazil",
      "CompanyName":"Hanari Carnes",
      "Country":"Brazil",
      "Shipping":"False",
      "SmallFlag":"/resource/image/smallflag/br.png",
      "NormalFlag":"/resource/image/normalflag/br.png",
      "Phone":"(21) 555-0091",
      "ProductName":"Chartreuse verte",
      "QuantityPerUnit":"750 cc per bottle",
      "Quantity":"42",
      "UnitPrice":"14.4000"
   },
   {
      "OrderID":"10253",
      "CustomerID":"HANAR",
      "CustomerID2":"HANAR",
      "EmployeeID":"3",
      "dateTime1":"201730",
      "dateTime2":"2017-30",
      "dateTime3":"201730",
      "OrderDate":"1996-07-10 오전 12:00:00",
      "RequiredDate":"1996-07-24 오전 12:00:00",
      "ShippedDate":"1996-07-16 오전 12:00:00",
      "ShipVia":"2",
      "Freight":"58.1700",
      "ShipName":"Hanari Carnes",
      "ShipAddress":"Rua do Paco, 67",
      "ShipCity":"Rio de Janeiro",
      "ShipRegion":"RJ",
      "ShipPostalCode":"05454-876",
      "ShipCountry":"Brazil",
      "CompanyName":"Hanari Carnes",
      "Country":"Brazil",
      "Shipping":"False",
      "SmallFlag":"/resource/image/smallflag/br.png",
      "NormalFlag":"/resource/image/normalflag/br.png",
      "Phone":"(21) 555-0091",
      "ProductName":"Maxilaku",
      "QuantityPerUnit":"24 - 50 g pkgs.",
      "Quantity":"40",
      "UnitPrice":"16.0000"
   },
   {
      "OrderID":"10254",
      "CustomerID":"CHOPS",
      "CustomerID2":"CHOPS",
      "EmployeeID":"5",
      "dateTime1":"201730",
      "dateTime2":"2017-30",
      "dateTime3":"201730",
      "OrderDate":"1996-07-11 오전 12:00:00",
      "RequiredDate":"1996-08-08 오전 12:00:00",
      "ShippedDate":"1996-07-23 오전 12:00:00",
      "ShipVia":"2",
      "Freight":"22.9800",
      "ShipName":"Chop-suey Chinese",
      "ShipAddress":"Hauptstr. 31",
      "ShipCity":"Bern",
      "ShipRegion":null,
      "ShipPostalCode":"3012",
      "ShipCountry":"Switzerland",
      "CompanyName":"Chop-suey Chinese",
      "Country":"Switzerland",
      "Shipping":"True",
      "SmallFlag":"/resource/image/smallflag/ch.png",
      "NormalFlag":"/resource/image/normalflag/ch.png",
      "Phone":"0452-076545",
      "ProductName":"Guarana Fantastica",
      "QuantityPerUnit":"12 - 355 ml cans",
      "Quantity":"15",
      "UnitPrice":"3.6000"
   },
   {
      "OrderID":"10254",
      "CustomerID":"CHOPS",
      "CustomerID2":"CHOPS",
      "EmployeeID":"5",
      "dateTime1":"201730",
      "dateTime2":"2017-30",
      "dateTime3":"201730",
      "OrderDate":"1996-07-11 오전 12:00:00",
      "RequiredDate":"1996-08-08 오전 12:00:00",
      "ShippedDate":"1996-07-23 오전 12:00:00",
      "ShipVia":"2",
      "Freight":"22.9800",
      "ShipName":"Chop-suey Chinese",
      "ShipAddress":"Hauptstr. 31",
      "ShipCity":"Bern",
      "ShipRegion":null,
      "ShipPostalCode":"3012",
      "ShipCountry":"Switzerland",
      "CompanyName":"Chop-suey Chinese",
      "Country":"Switzerland",
      "Shipping":"True",
      "SmallFlag":"/resource/image/smallflag/ch.png",
      "NormalFlag":"/resource/image/normalflag/ch.png",
      "Phone":"0452-076545",
      "ProductName":"Pate chinois",
      "QuantityPerUnit":"24 boxes x 2 pies",
      "Quantity":"21",
      "UnitPrice":"19.2000"
   },
   {
      "OrderID":"10254",
      "CustomerID":"CHOPS",
      "CustomerID2":"CHOPS",
      "EmployeeID":"5",
      "dateTime1":"201730",
      "dateTime2":"2017-30",
      "dateTime3":"201730",
      "OrderDate":"1996-07-11 오전 12:00:00",
      "RequiredDate":"1996-08-08 오전 12:00:00",
      "ShippedDate":"1996-07-23 오전 12:00:00",
      "ShipVia":"2",
      "Freight":"22.9800",
      "ShipName":"Chop-suey Chinese",
      "ShipAddress":"Hauptstr. 31",
      "ShipCity":"Bern",
      "ShipRegion":null,
      "ShipPostalCode":"3012",
      "ShipCountry":"Switzerland",
      "CompanyName":"Chop-suey Chinese",
      "Country":"Switzerland",
      "Shipping":"True",
      "SmallFlag":"/resource/image/smallflag/ch.png",
      "NormalFlag":"/resource/image/normalflag/ch.png",
      "Phone":"0452-076545",
      "ProductName":"Longlife Tofu",
      "QuantityPerUnit":"5 kg pkg.",
      "Quantity":"21",
      "UnitPrice":"8.0000"
   },
   {
      "OrderID":"10255",
      "CustomerID":"RICSU",
      "CustomerID2":"RICSU",
      "EmployeeID":"9",
      "dateTime1":"201730",
      "dateTime2":"2017-30",
      "dateTime3":"201730",
      "OrderDate":"1996-07-12 오전 12:00:00",
      "RequiredDate":"1996-08-09 오전 12:00:00",
      "ShippedDate":"1996-07-15 오전 12:00:00",
      "ShipVia":"3",
      "Freight":"148.3300",
      "ShipName":"Richter Supermarkt",
      "ShipAddress":"Starenweg 5",
      "ShipCity":"Geneve",
      "ShipRegion":null,
      "ShipPostalCode":"1204",
      "ShipCountry":"Switzerland",
      "CompanyName":"Richter Supermarkt",
      "Country":"Switzerland",
      "Shipping":"True",
      "SmallFlag":"/resource/image/smallflag/ch.png",
      "NormalFlag":"/resource/image/normalflag/ch.png",
      "Phone":"0897-034214",
      "ProductName":"Chang",
      "QuantityPerUnit":"24 - 12 oz bottles",
      "Quantity":"20",
      "UnitPrice":"15.2000"
   },
   {
      "OrderID":"10255",
      "CustomerID":"RICSU",
      "CustomerID2":"RICSU",
      "EmployeeID":"9",
      "dateTime1":"201730",
      "dateTime2":"2017-30",
      "dateTime3":"201730",
      "OrderDate":"1996-07-12 오전 12:00:00",
      "RequiredDate":"1996-08-09 오전 12:00:00",
      "ShippedDate":"1996-07-15 오전 12:00:00",
      "ShipVia":"3",
      "Freight":"148.3300",
      "ShipName":"Richter Supermarkt",
      "ShipAddress":"Starenweg 5",
      "ShipCity":"Geneve",
      "ShipRegion":null,
      "ShipPostalCode":"1204",
      "ShipCountry":"Switzerland",
      "CompanyName":"Richter Supermarkt",
      "Country":"Switzerland",
      "Shipping":"True",
      "SmallFlag":"/resource/image/smallflag/ch.png",
      "NormalFlag":"/resource/image/normalflag/ch.png",
      "Phone":"0897-034214",
      "ProductName":"Pavlova",
      "QuantityPerUnit":"32 - 500 g boxes",
      "Quantity":"35",
      "UnitPrice":"13.9000"
   },
   {
      "OrderID":"10255",
      "CustomerID":"RICSU",
      "CustomerID2":"RICSU",
      "EmployeeID":"9",
      "dateTime1":"201730",
      "dateTime2":"2017-30",
      "dateTime3":"201730",
      "OrderDate":"1996-07-12 오전 12:00:00",
      "RequiredDate":"1996-08-09 오전 12:00:00",
      "ShippedDate":"1996-07-15 오전 12:00:00",
      "ShipVia":"3",
      "Freight":"148.3300",
      "ShipName":"Richter Supermarkt",
      "ShipAddress":"Starenweg 5",
      "ShipCity":"Geneve",
      "ShipRegion":null,
      "ShipPostalCode":"1204",
      "ShipCountry":"Switzerland",
      "CompanyName":"Richter Supermarkt",
      "Country":"Switzerland",
      "Shipping":"True",
      "SmallFlag":"/resource/image/smallflag/ch.png",
      "NormalFlag":"/resource/image/normalflag/ch.png",
      "Phone":"0897-034214",
      "ProductName":"Inlagd Sill",
      "QuantityPerUnit":"24 - 250 g  jars",
      "Quantity":"25",
      "UnitPrice":"15.2000"
   },
   {
      "OrderID":"10255",
      "CustomerID":"RICSU",
      "CustomerID2":"RICSU",
      "EmployeeID":"9",
      "dateTime1":"201730",
      "dateTime2":"2017-30",
      "dateTime3":"201730",
      "OrderDate":"1996-07-12 오전 12:00:00",
      "RequiredDate":"1996-08-09 오전 12:00:00",
      "ShippedDate":"1996-07-15 오전 12:00:00",
      "ShipVia":"3",
      "Freight":"148.3300",
      "ShipName":"Richter Supermarkt",
      "ShipAddress":"Starenweg 5",
      "ShipCity":"Geneve",
      "ShipRegion":null,
      "ShipPostalCode":"1204",
      "ShipCountry":"Switzerland",
      "CompanyName":"Richter Supermarkt",
      "Country":"Switzerland",
      "Shipping":"True",
      "SmallFlag":"/resource/image/smallflag/ch.png",
      "NormalFlag":"/resource/image/normalflag/ch.png",
      "Phone":"0897-034214",
      "ProductName":"Raclette Courdavault",
      "QuantityPerUnit":"5 kg pkg.",
      "Quantity":"30",
      "UnitPrice":"44.0000"
   },
   {
      "OrderID":"10256",
      "CustomerID":"WELLI",
      "CustomerID2":"WELLI",
      "EmployeeID":"3",
      "dateTime1":"201730",
      "dateTime2":"2017-30",
      "dateTime3":"201730",
      "OrderDate":"1996-07-15 오전 12:00:00",
      "RequiredDate":"1996-08-12 오전 12:00:00",
      "ShippedDate":"1996-07-17 오전 12:00:00",
      "ShipVia":"2",
      "Freight":"13.9700",
      "ShipName":"Wellington Importadora",
      "ShipAddress":"Rua do Mercado, 12",
      "ShipCity":"Resende",
      "ShipRegion":"SP",
      "ShipPostalCode":"08737-363",
      "ShipCountry":"Brazil",
      "CompanyName":"Wellington Importadora",
      "Country":"Brazil",
      "Shipping":"True",
      "SmallFlag":"/resource/image/smallflag/br.png",
      "NormalFlag":"/resource/image/normalflag/br.png",
      "Phone":"(14) 555-8122",
      "ProductName":"Perth Pasties",
      "QuantityPerUnit":"48 pieces",
      "Quantity":"15",
      "UnitPrice":"26.2000"
   },
   {
      "OrderID":"10256",
      "CustomerID":"WELLI",
      "CustomerID2":"WELLI",
      "EmployeeID":"3",
      "dateTime1":"201730",
      "dateTime2":"2017-30",
      "dateTime3":"201730",
      "OrderDate":"1996-07-15 오전 12:00:00",
      "RequiredDate":"1996-08-12 오전 12:00:00",
      "ShippedDate":"1996-07-17 오전 12:00:00",
      "ShipVia":"2",
      "Freight":"13.9700",
      "ShipName":"Wellington Importadora",
      "ShipAddress":"Rua do Mercado, 12",
      "ShipCity":"Resende",
      "ShipRegion":"SP",
      "ShipPostalCode":"08737-363",
      "ShipCountry":"Brazil",
      "CompanyName":"Wellington Importadora",
      "Country":"Brazil",
      "Shipping":"True",
      "SmallFlag":"/resource/image/smallflag/br.png",
      "NormalFlag":"/resource/image/normalflag/br.png",
      "Phone":"(14) 555-8122",
      "ProductName":"Original Frankfurter grune Soße",
      "QuantityPerUnit":"12 boxes",
      "Quantity":"12",
      "UnitPrice":"10.4000"
   },
   {
      "OrderID":"10257",
      "CustomerID":"HILAA",
      "CustomerID2":"HILAA",
      "EmployeeID":"4",
      "dateTime1":"201730",
      "dateTime2":"2017-30",
      "dateTime3":"201730",
      "OrderDate":"1996-07-16 오전 12:00:00",
      "RequiredDate":"1996-08-13 오전 12:00:00",
      "ShippedDate":"1996-07-22 오전 12:00:00",
      "ShipVia":"3",
      "Freight":"81.9100",
      "ShipName":"HILARION-Abastos",
      "ShipAddress":"Carrera 22 con Ave. Carlos Soublette #8-35",
      "ShipCity":"San Cristobal",
      "ShipRegion":"Tachira",
      "ShipPostalCode":"5022",
      "ShipCountry":"Venezuela",
      "CompanyName":"HILARION-Abastos",
      "Country":"Venezuela",
      "Shipping":"False",
      "SmallFlag":"/resource/image/smallflag/ve.png",
      "NormalFlag":"/resource/image/normalflag/ve.png",
      "Phone":"(5) 555-1340",
      "ProductName":"Schoggi Schokolade",
      "QuantityPerUnit":"100 - 100 g pieces",
      "Quantity":"25",
      "UnitPrice":"35.1000"
   },
   {
      "OrderID":"10257",
      "CustomerID":"HILAA",
      "CustomerID2":"HILAA",
      "EmployeeID":"4",
      "dateTime1":"201730",
      "dateTime2":"2017-30",
      "dateTime3":"201730",
      "OrderDate":"1996-07-16 오전 12:00:00",
      "RequiredDate":"1996-08-13 오전 12:00:00",
      "ShippedDate":"1996-07-22 오전 12:00:00",
      "ShipVia":"3",
      "Freight":"81.9100",
      "ShipName":"HILARION-Abastos",
      "ShipAddress":"Carrera 22 con Ave. Carlos Soublette #8-35",
      "ShipCity":"San Cristobal",
      "ShipRegion":"Tachira",
      "ShipPostalCode":"5022",
      "ShipCountry":"Venezuela",
      "CompanyName":"HILARION-Abastos",
      "Country":"Venezuela",
      "Shipping":"False",
      "SmallFlag":"/resource/image/smallflag/ve.png",
      "NormalFlag":"/resource/image/normalflag/ve.png",
      "Phone":"(5) 555-1340",
      "ProductName":"Chartreuse verte",
      "QuantityPerUnit":"750 cc per bottle",
      "Quantity":"6",
      "UnitPrice":"14.4000"
   },
   {
      "OrderID":"10257",
      "CustomerID":"HILAA",
      "CustomerID2":"HILAA",
      "EmployeeID":"4",
      "dateTime1":"201730",
      "dateTime2":"2017-30",
      "dateTime3":"201730",
      "OrderDate":"1996-07-16 오전 12:00:00",
      "RequiredDate":"1996-08-13 오전 12:00:00",
      "ShippedDate":"1996-07-22 오전 12:00:00",
      "ShipVia":"3",
      "Freight":"81.9100",
      "ShipName":"HILARION-Abastos",
      "ShipAddress":"Carrera 22 con Ave. Carlos Soublette #8-35",
      "ShipCity":"San Cristobal",
      "ShipRegion":"Tachira",
      "ShipPostalCode":"5022",
      "ShipCountry":"Venezuela",
      "CompanyName":"HILARION-Abastos",
      "Country":"Venezuela",
      "Shipping":"False",
      "SmallFlag":"/resource/image/smallflag/ve.png",
      "NormalFlag":"/resource/image/normalflag/ve.png",
      "Phone":"(5) 555-1340",
      "ProductName":"Original Frankfurter grune Soße",
      "QuantityPerUnit":"12 boxes",
      "Quantity":"15",
      "UnitPrice":"10.4000"
   },
   {
      "OrderID":"10258",
      "CustomerID":"ERNSH",
      "CustomerID2":"ERNSH",
      "EmployeeID":"1",
      "dateTime1":"201730",
      "dateTime2":"2017-30",
      "dateTime3":"201730",
      "OrderDate":"1996-07-17 오전 12:00:00",
      "RequiredDate":"1996-08-14 오전 12:00:00",
      "ShippedDate":"1996-07-23 오전 12:00:00",
      "ShipVia":"1",
      "Freight":"140.5100",
      "ShipName":"Ernst Handel",
      "ShipAddress":"Kirchgasse 6",
      "ShipCity":"Graz",
      "ShipRegion":null,
      "ShipPostalCode":"8010",
      "ShipCountry":"Austria",
      "CompanyName":"Ernst Handel",
      "Country":"Austria",
      "Shipping":"True",
      "SmallFlag":"/resource/image/smallflag/at.png",
      "NormalFlag":"/resource/image/normalflag/at.png",
      "Phone":"7675-3425",
      "ProductName":"Chang",
      "QuantityPerUnit":"24 - 12 oz bottles",
      "Quantity":"50",
      "UnitPrice":"15.2000"
   },
   {
      "OrderID":"10258",
      "CustomerID":"ERNSH",
      "CustomerID2":"ERNSH",
      "EmployeeID":"1",
      "dateTime1":"201730",
      "dateTime2":"2017-30",
      "dateTime3":"201730",
      "OrderDate":"1996-07-17 오전 12:00:00",
      "RequiredDate":"1996-08-14 오전 12:00:00",
      "ShippedDate":"1996-07-23 오전 12:00:00",
      "ShipVia":"1",
      "Freight":"140.5100",
      "ShipName":"Ernst Handel",
      "ShipAddress":"Kirchgasse 6",
      "ShipCity":"Graz",
      "ShipRegion":null,
      "ShipPostalCode":"8010",
      "ShipCountry":"Austria",
      "CompanyName":"Ernst Handel",
      "Country":"Austria",
      "Shipping":"True",
      "SmallFlag":"/resource/image/smallflag/at.png",
      "NormalFlag":"/resource/image/normalflag/at.png",
      "Phone":"7675-3425",
      "ProductName":"Chef Anton\u0027s Gumbo Mix",
      "QuantityPerUnit":"36 boxes",
      "Quantity":"65",
      "UnitPrice":"17.0000"
   },
   {
      "OrderID":"10258",
      "CustomerID":"ERNSH",
      "CustomerID2":"ERNSH",
      "EmployeeID":"1",
      "dateTime1":"201730",
      "dateTime2":"2017-30",
      "dateTime3":"201730",
      "OrderDate":"1996-07-17 오전 12:00:00",
      "RequiredDate":"1996-08-14 오전 12:00:00",
      "ShippedDate":"1996-07-23 오전 12:00:00",
      "ShipVia":"1",
      "Freight":"140.5100",
      "ShipName":"Ernst Handel",
      "ShipAddress":"Kirchgasse 6",
      "ShipCity":"Graz",
      "ShipRegion":null,
      "ShipPostalCode":"8010",
      "ShipCountry":"Austria",
      "CompanyName":"Ernst Handel",
      "Country":"Austria",
      "Shipping":"True",
      "SmallFlag":"/resource/image/smallflag/at.png",
      "NormalFlag":"/resource/image/normalflag/at.png",
      "Phone":"7675-3425",
      "ProductName":"Mascarpone Fabioli",
      "QuantityPerUnit":"24 - 200 g pkgs.",
      "Quantity":"6",
      "UnitPrice":"25.6000"
   },
   {
      "OrderID":"10259",
      "CustomerID":"CENTC",
      "CustomerID2":"CENTC",
      "EmployeeID":"4",
      "dateTime1":"201730",
      "dateTime2":"2017-30",
      "dateTime3":"201730",
      "OrderDate":"1996-07-18 오전 12:00:00",
      "RequiredDate":"1996-08-15 오전 12:00:00",
      "ShippedDate":"1996-07-25 오전 12:00:00",
      "ShipVia":"3",
      "Freight":"3.2500",
      "ShipName":"Centro comercial Moctezuma",
      "ShipAddress":"Sierras de Granada 9993",
      "ShipCity":"Mexico D.F.",
      "ShipRegion":null,
      "ShipPostalCode":"05022",
      "ShipCountry":"Mexico",
      "CompanyName":"Centro comercial Moctezuma",
      "Country":"Mexico",
      "Shipping":"True",
      "SmallFlag":"/resource/image/smallflag/mx.png",
      "NormalFlag":"/resource/image/normalflag/mx.png",
      "Phone":"(5) 555-3392",
      "ProductName":"Sir Rodney\u0027s Scones",
      "QuantityPerUnit":"24 pkgs. x 4 pieces",
      "Quantity":"10",
      "UnitPrice":"8.0000"
   },
   {
      "OrderID":"10259",
      "CustomerID":"CENTC",
      "CustomerID2":"CENTC",
      "EmployeeID":"4",
      "dateTime1":"201730",
      "dateTime2":"2017-30",
      "dateTime3":"201730",
      "OrderDate":"1996-07-18 오전 12:00:00",
      "RequiredDate":"1996-08-15 오전 12:00:00",
      "ShippedDate":"1996-07-25 오전 12:00:00",
      "ShipVia":"3",
      "Freight":"3.2500",
      "ShipName":"Centro comercial Moctezuma",
      "ShipAddress":"Sierras de Granada 9993",
      "ShipCity":"Mexico D.F.",
      "ShipRegion":null,
      "ShipPostalCode":"05022",
      "ShipCountry":"Mexico",
      "CompanyName":"Centro comercial Moctezuma",
      "Country":"Mexico",
      "Shipping":"True",
      "SmallFlag":"/resource/image/smallflag/mx.png",
      "NormalFlag":"/resource/image/normalflag/mx.png",
      "Phone":"(5) 555-3392",
      "ProductName":"Gravad lax",
      "QuantityPerUnit":"12 - 500 g pkgs.",
      "Quantity":"1",
      "UnitPrice":"20.8000"
   },
   {
      "OrderID":"10260",
      "CustomerID":"OTTIK",
      "CustomerID2":"OTTIK",
      "EmployeeID":"4",
      "dateTime1":"201730",
      "dateTime2":"2017-30",
      "dateTime3":"201730",
      "OrderDate":"1996-07-19 오전 12:00:00",
      "RequiredDate":"1996-08-16 오전 12:00:00",
      "ShippedDate":"1996-07-29 오전 12:00:00",
      "ShipVia":"1",
      "Freight":"55.0900",
      "ShipName":"Ottilies Kaseladen",
      "ShipAddress":"Mehrheimerstr. 369",
      "ShipCity":"Koln",
      "ShipRegion":null,
      "ShipPostalCode":"50739",
      "ShipCountry":"Germany",
      "CompanyName":"Ottilies Kaseladen",
      "Country":"Germany",
      "Shipping":"True",
      "SmallFlag":"/resource/image/smallflag/de.png",
      "NormalFlag":"/resource/image/normalflag/de.png",
      "Phone":"0221-0644327",
      "ProductName":"Jack\u0027s New England Clam Chowder",
      "QuantityPerUnit":"12 - 12 oz cans",
      "Quantity":"16",
      "UnitPrice":"7.7000"
   },
   {
      "OrderID":"10260",
      "CustomerID":"OTTIK",
      "CustomerID2":"OTTIK",
      "EmployeeID":"4",
      "dateTime1":"201730",
      "dateTime2":"2017-30",
      "dateTime3":"201730",
      "OrderDate":"1996-07-19 오전 12:00:00",
      "RequiredDate":"1996-08-16 오전 12:00:00",
      "ShippedDate":"1996-07-29 오전 12:00:00",
      "ShipVia":"1",
      "Freight":"55.0900",
      "ShipName":"Ottilies Kaseladen",
      "ShipAddress":"Mehrheimerstr. 369",
      "ShipCity":"Koln",
      "ShipRegion":null,
      "ShipPostalCode":"50739",
      "ShipCountry":"Germany",
      "CompanyName":"Ottilies Kaseladen",
      "Country":"Germany",
      "Shipping":"True",
      "SmallFlag":"/resource/image/smallflag/de.png",
      "NormalFlag":"/resource/image/normalflag/de.png",
      "Phone":"0221-0644327",
      "ProductName":"Ravioli Angelo",
      "QuantityPerUnit":"24 - 250 g pkgs.",
      "Quantity":"50",
      "UnitPrice":"15.6000"
   },
   {
      "OrderID":"10260",
      "CustomerID":"OTTIK",
      "CustomerID2":"OTTIK",
      "EmployeeID":"4",
      "dateTime1":"201730",
      "dateTime2":"2017-30",
      "dateTime3":"201730",
      "OrderDate":"1996-07-19 오전 12:00:00",
      "RequiredDate":"1996-08-16 오전 12:00:00",
      "ShippedDate":"1996-07-29 오전 12:00:00",
      "ShipVia":"1",
      "Freight":"55.0900",
      "ShipName":"Ottilies Kaseladen",
      "ShipAddress":"Mehrheimerstr. 369",
      "ShipCity":"Koln",
      "ShipRegion":null,
      "ShipPostalCode":"50739",
      "ShipCountry":"Germany",
      "CompanyName":"Ottilies Kaseladen",
      "Country":"Germany",
      "Shipping":"True",
      "SmallFlag":"/resource/image/smallflag/de.png",
      "NormalFlag":"/resource/image/normalflag/de.png",
      "Phone":"0221-0644327",
      "ProductName":"Tarte au sucre",
      "QuantityPerUnit":"48 pies",
      "Quantity":"15",
      "UnitPrice":"39.4000"
   },
   {
      "OrderID":"10260",
      "CustomerID":"OTTIK",
      "CustomerID2":"OTTIK",
      "EmployeeID":"4",
      "dateTime1":"201730",
      "dateTime2":"2017-30",
      "dateTime3":"201730",
      "OrderDate":"1996-07-19 오전 12:00:00",
      "RequiredDate":"1996-08-16 오전 12:00:00",
      "ShippedDate":"1996-07-29 오전 12:00:00",
      "ShipVia":"1",
      "Freight":"55.0900",
      "ShipName":"Ottilies Kaseladen",
      "ShipAddress":"Mehrheimerstr. 369",
      "ShipCity":"Koln",
      "ShipRegion":null,
      "ShipPostalCode":"50739",
      "ShipCountry":"Germany",
      "CompanyName":"Ottilies Kaseladen",
      "Country":"Germany",
      "Shipping":"True",
      "SmallFlag":"/resource/image/smallflag/de.png",
      "NormalFlag":"/resource/image/normalflag/de.png",
      "Phone":"0221-0644327",
      "ProductName":"Outback Lager",
      "QuantityPerUnit":"24 - 355 ml bottles",
      "Quantity":"21",
      "UnitPrice":"12.0000"
   },
   {
      "OrderID":"10261",
      "CustomerID":"QUEDE",
      "CustomerID2":"QUEDE",
      "EmployeeID":"4",
      "dateTime1":"201730",
      "dateTime2":"2017-30",
      "dateTime3":"201730",
      "OrderDate":"1996-07-19 오전 12:00:00",
      "RequiredDate":"1996-08-16 오전 12:00:00",
      "ShippedDate":"1996-07-30 오전 12:00:00",
      "ShipVia":"2",
      "Freight":"3.0500",
      "ShipName":"Que Delicia",
      "ShipAddress":"Rua da Panificadora, 12",
      "ShipCity":"Rio de Janeiro",
      "ShipRegion":"RJ",
      "ShipPostalCode":"02389-673",
      "ShipCountry":"Brazil",
      "CompanyName":"Que Delicia",
      "Country":"Brazil",
      "Shipping":"True",
      "SmallFlag":"/resource/image/smallflag/br.png",
      "NormalFlag":"/resource/image/normalflag/br.png",
      "Phone":"(21) 555-4252",
      "ProductName":"Sir Rodney\u0027s Scones",
      "QuantityPerUnit":"24 pkgs. x 4 pieces",
      "Quantity":"20",
      "UnitPrice":"8.0000"
   },
   {
      "OrderID":"10261",
      "CustomerID":"QUEDE",
      "CustomerID2":"QUEDE",
      "EmployeeID":"4",
      "dateTime1":"201730",
      "dateTime2":"2017-30",
      "dateTime3":"201730",
      "OrderDate":"1996-07-19 오전 12:00:00",
      "RequiredDate":"1996-08-16 오전 12:00:00",
      "ShippedDate":"1996-07-30 오전 12:00:00",
      "ShipVia":"2",
      "Freight":"3.0500",
      "ShipName":"Que Delicia",
      "ShipAddress":"Rua da Panificadora, 12",
      "ShipCity":"Rio de Janeiro",
      "ShipRegion":"RJ",
      "ShipPostalCode":"02389-673",
      "ShipCountry":"Brazil",
      "CompanyName":"Que Delicia",
      "Country":"Brazil",
      "Shipping":"True",
      "SmallFlag":"/resource/image/smallflag/br.png",
      "NormalFlag":"/resource/image/normalflag/br.png",
      "Phone":"(21) 555-4252",
      "ProductName":"Steeleye Stout",
      "QuantityPerUnit":"24 - 12 oz bottles",
      "Quantity":"20",
      "UnitPrice":"14.4000"
   },
   {
      "OrderID":"10262",
      "CustomerID":"RATTC",
      "CustomerID2":"RATTC",
      "EmployeeID":"8",
      "dateTime1":"201730",
      "dateTime2":"2017-30",
      "dateTime3":"201730",
      "OrderDate":"1996-07-22 오전 12:00:00",
      "RequiredDate":"1996-08-19 오전 12:00:00",
      "ShippedDate":"1996-07-25 오전 12:00:00",
      "ShipVia":"3",
      "Freight":"48.2900",
      "ShipName":"Rattlesnake Canyon Grocery",
      "ShipAddress":"2817 Milton Dr.",
      "ShipCity":"Albuquerque",
      "ShipRegion":"NM",
      "ShipPostalCode":"87110",
      "ShipCountry":"USA",
      "CompanyName":"Rattlesnake Canyon Grocery",
      "Country":"USA",
      "Shipping":"True",
      "SmallFlag":"/resource/image/smallflag/us.png",
      "NormalFlag":"/resource/image/normalflag/us.png",
      "Phone":"(505) 555-5939",
      "ProductName":"Chef Anton\u0027s Gumbo Mix",
      "QuantityPerUnit":"36 boxes",
      "Quantity":"12",
      "UnitPrice":"17.0000"
   },
   {
      "OrderID":"10262",
      "CustomerID":"RATTC",
      "CustomerID2":"RATTC",
      "EmployeeID":"8",
      "dateTime1":"201730",
      "dateTime2":"2017-30",
      "dateTime3":"201730",
      "OrderDate":"1996-07-22 오전 12:00:00",
      "RequiredDate":"1996-08-19 오전 12:00:00",
      "ShippedDate":"1996-07-25 오전 12:00:00",
      "ShipVia":"3",
      "Freight":"48.2900",
      "ShipName":"Rattlesnake Canyon Grocery",
      "ShipAddress":"2817 Milton Dr.",
      "ShipCity":"Albuquerque",
      "ShipRegion":"NM",
      "ShipPostalCode":"87110",
      "ShipCountry":"USA",
      "CompanyName":"Rattlesnake Canyon Grocery",
      "Country":"USA",
      "Shipping":"True",
      "SmallFlag":"/resource/image/smallflag/us.png",
      "NormalFlag":"/resource/image/normalflag/us.png",
      "Phone":"(505) 555-5939",
      "ProductName":"Uncle Bob\u0027s Organic Dried Pears",
      "QuantityPerUnit":"12 - 1 lb pkgs.",
      "Quantity":"15",
      "UnitPrice":"24.0000"
   },
   {
      "OrderID":"10262",
      "CustomerID":"RATTC",
      "CustomerID2":"RATTC",
      "EmployeeID":"8",
      "dateTime1":"201730",
      "dateTime2":"2017-30",
      "dateTime3":"201730",
      "OrderDate":"1996-07-22 오전 12:00:00",
      "RequiredDate":"1996-08-19 오전 12:00:00",
      "ShippedDate":"1996-07-25 오전 12:00:00",
      "ShipVia":"3",
      "Freight":"48.2900",
      "ShipName":"Rattlesnake Canyon Grocery",
      "ShipAddress":"2817 Milton Dr.",
      "ShipCity":"Albuquerque",
      "ShipRegion":"NM",
      "ShipPostalCode":"87110",
      "ShipCountry":"USA",
      "CompanyName":"Rattlesnake Canyon Grocery",
      "Country":"USA",
      "Shipping":"True",
      "SmallFlag":"/resource/image/smallflag/us.png",
      "NormalFlag":"/resource/image/normalflag/us.png",
      "Phone":"(505) 555-5939",
      "ProductName":"Gnocchi di nonna Alice",
      "QuantityPerUnit":"24 - 250 g pkgs.",
      "Quantity":"2",
      "UnitPrice":"30.4000"
   },
   {
      "OrderID":"10263",
      "CustomerID":"ERNSH",
      "CustomerID2":"ERNSH",
      "EmployeeID":"9",
      "dateTime1":"201730",
      "dateTime2":"2017-30",
      "dateTime3":"201730",
      "OrderDate":"1996-07-23 오전 12:00:00",
      "RequiredDate":"1996-08-20 오전 12:00:00",
      "ShippedDate":"1996-07-31 오전 12:00:00",
      "ShipVia":"3",
      "Freight":"146.0600",
      "ShipName":"Ernst Handel",
      "ShipAddress":"Kirchgasse 6",
      "ShipCity":"Graz",
      "ShipRegion":null,
      "ShipPostalCode":"8010",
      "ShipCountry":"Austria",
      "CompanyName":"Ernst Handel",
      "Country":"Austria",
      "Shipping":"True",
      "SmallFlag":"/resource/image/smallflag/at.png",
      "NormalFlag":"/resource/image/normalflag/at.png",
      "Phone":"7675-3425",
      "ProductName":"Pavlova",
      "QuantityPerUnit":"32 - 500 g boxes",
      "Quantity":"60",
      "UnitPrice":"13.9000"
   },
   {
      "OrderID":"10263",
      "CustomerID":"ERNSH",
      "CustomerID2":"ERNSH",
      "EmployeeID":"9",
      "dateTime1":"201730",
      "dateTime2":"2017-30",
      "dateTime3":"201730",
      "OrderDate":"1996-07-23 오전 12:00:00",
      "RequiredDate":"1996-08-20 오전 12:00:00",
      "ShippedDate":"1996-07-31 오전 12:00:00",
      "ShipVia":"3",
      "Freight":"146.0600",
      "ShipName":"Ernst Handel",
      "ShipAddress":"Kirchgasse 6",
      "ShipCity":"Graz",
      "ShipRegion":null,
      "ShipPostalCode":"8010",
      "ShipCountry":"Austria",
      "CompanyName":"Ernst Handel",
      "Country":"Austria",
      "Shipping":"True",
      "SmallFlag":"/resource/image/smallflag/at.png",
      "NormalFlag":"/resource/image/normalflag/at.png",
      "Phone":"7675-3425",
      "ProductName":"Guarana Fantastica",
      "QuantityPerUnit":"12 - 355 ml cans",
      "Quantity":"28",
      "UnitPrice":"3.6000"
   },
   {
      "OrderID":"10263",
      "CustomerID":"ERNSH",
      "CustomerID2":"ERNSH",
      "EmployeeID":"9",
      "dateTime1":"201730",
      "dateTime2":"2017-30",
      "dateTime3":"201730",
      "OrderDate":"1996-07-23 오전 12:00:00",
      "RequiredDate":"1996-08-20 오전 12:00:00",
      "ShippedDate":"1996-07-31 오전 12:00:00",
      "ShipVia":"3",
      "Freight":"146.0600",
      "ShipName":"Ernst Handel",
      "ShipAddress":"Kirchgasse 6",
      "ShipCity":"Graz",
      "ShipRegion":null,
      "ShipPostalCode":"8010",
      "ShipCountry":"Austria",
      "CompanyName":"Ernst Handel",
      "Country":"Austria",
      "Shipping":"True",
      "SmallFlag":"/resource/image/smallflag/at.png",
      "NormalFlag":"/resource/image/normalflag/at.png",
      "Phone":"7675-3425",
      "ProductName":"Nord-Ost Matjeshering",
      "QuantityPerUnit":"10 - 200 g glasses",
      "Quantity":"60",
      "UnitPrice":"20.7000"
   },
   {
      "OrderID":"10263",
      "CustomerID":"ERNSH",
      "CustomerID2":"ERNSH",
      "EmployeeID":"9",
      "dateTime1":"201730",
      "dateTime2":"2017-30",
      "dateTime3":"201730",
      "OrderDate":"1996-07-23 오전 12:00:00",
      "RequiredDate":"1996-08-20 오전 12:00:00",
      "ShippedDate":"1996-07-31 오전 12:00:00",
      "ShipVia":"3",
      "Freight":"146.0600",
      "ShipName":"Ernst Handel",
      "ShipAddress":"Kirchgasse 6",
      "ShipCity":"Graz",
      "ShipRegion":null,
      "ShipPostalCode":"8010",
      "ShipCountry":"Austria",
      "CompanyName":"Ernst Handel",
      "Country":"Austria",
      "Shipping":"True",
      "SmallFlag":"/resource/image/smallflag/at.png",
      "NormalFlag":"/resource/image/normalflag/at.png",
      "Phone":"7675-3425",
      "ProductName":"Longlife Tofu",
      "QuantityPerUnit":"5 kg pkg.",
      "Quantity":"36",
      "UnitPrice":"8.0000"
   },
   {
      "OrderID":"10264",
      "CustomerID":"FOLKO",
      "CustomerID2":"FOLKO",
      "EmployeeID":"6",
      "dateTime1":"201730",
      "dateTime2":"2017-30",
      "dateTime3":"201730",
      "OrderDate":"1996-07-24 오전 12:00:00",
      "RequiredDate":"1996-08-21 오전 12:00:00",
      "ShippedDate":"1996-08-23 오전 12:00:00",
      "ShipVia":"3",
      "Freight":"3.6700",
      "ShipName":"Folk och fa HB",
      "ShipAddress":"Akergatan 24",
      "ShipCity":"Bracke",
      "ShipRegion":null,
      "ShipPostalCode":"S-844 67",
      "ShipCountry":"Sweden",
      "CompanyName":"Folk och fa HB",
      "Country":"Sweden",
      "Shipping":"True",
      "SmallFlag":"/resource/image/smallflag/se.png",
      "NormalFlag":"/resource/image/normalflag/se.png",
      "Phone":"0695-34 67 21",
      "ProductName":"Chang",
      "QuantityPerUnit":"24 - 12 oz bottles",
      "Quantity":"35",
      "UnitPrice":"15.2000"
   },
   {
      "OrderID":"10264",
      "CustomerID":"FOLKO",
      "CustomerID2":"FOLKO",
      "EmployeeID":"6",
      "dateTime1":"201730",
      "dateTime2":"2017-30",
      "dateTime3":"201730",
      "OrderDate":"1996-07-24 오전 12:00:00",
      "RequiredDate":"1996-08-21 오전 12:00:00",
      "ShippedDate":"1996-08-23 오전 12:00:00",
      "ShipVia":"3",
      "Freight":"3.6700",
      "ShipName":"Folk och fa HB",
      "ShipAddress":"Akergatan 24",
      "ShipCity":"Bracke",
      "ShipRegion":null,
      "ShipPostalCode":"S-844 67",
      "ShipCountry":"Sweden",
      "CompanyName":"Folk och fa HB",
      "Country":"Sweden",
      "Shipping":"True",
      "SmallFlag":"/resource/image/smallflag/se.png",
      "NormalFlag":"/resource/image/normalflag/se.png",
      "Phone":"0695-34 67 21",
      "ProductName":"Jack\u0027s New England Clam Chowder",
      "QuantityPerUnit":"12 - 12 oz cans",
      "Quantity":"25",
      "UnitPrice":"7.7000"
   },
   {
      "OrderID":"10265",
      "CustomerID":"BLONP",
      "CustomerID2":"BLONP",
      "EmployeeID":"2",
      "dateTime1":"201730",
      "dateTime2":"2017-30",
      "dateTime3":"201730",
      "OrderDate":"1996-07-25 오전 12:00:00",
      "RequiredDate":"1996-08-22 오전 12:00:00",
      "ShippedDate":"1996-08-12 오전 12:00:00",
      "ShipVia":"1",
      "Freight":"55.2800",
      "ShipName":"Blondel pere et fils",
      "ShipAddress":"24, place Kleber",
      "ShipCity":"Strasbourg",
      "ShipRegion":null,
      "ShipPostalCode":"67000",
      "ShipCountry":"France",
      "CompanyName":"Blondesddsl pere et fils",
      "Country":"France",
      "Shipping":"True",
      "SmallFlag":"/resource/image/smallflag/fr.png",
      "NormalFlag":"/resource/image/normalflag/fr.png",
      "Phone":"88.60.15.31",
      "ProductName":"Alice Mutton",
      "QuantityPerUnit":"20 - 1 kg tins",
      "Quantity":"30",
      "UnitPrice":"31.2000"
   },
   {
      "OrderID":"10265",
      "CustomerID":"BLONP",
      "CustomerID2":"BLONP",
      "EmployeeID":"2",
      "dateTime1":"201730",
      "dateTime2":"2017-30",
      "dateTime3":"201730",
      "OrderDate":"1996-07-25 오전 12:00:00",
      "RequiredDate":"1996-08-22 오전 12:00:00",
      "ShippedDate":"1996-08-12 오전 12:00:00",
      "ShipVia":"1",
      "Freight":"55.2800",
      "ShipName":"Blondel pere et fils",
      "ShipAddress":"24, place Kleber",
      "ShipCity":"Strasbourg",
      "ShipRegion":null,
      "ShipPostalCode":"67000",
      "ShipCountry":"France",
      "CompanyName":"Blondesddsl pere et fils",
      "Country":"France",
      "Shipping":"True",
      "SmallFlag":"/resource/image/smallflag/fr.png",
      "NormalFlag":"/resource/image/normalflag/fr.png",
      "Phone":"88.60.15.31",
      "ProductName":"Outback Lager",
      "QuantityPerUnit":"24 - 355 ml bottles",
      "Quantity":"20",
      "UnitPrice":"12.0000"
   },
   {
      "OrderID":"10266",
      "CustomerID":"WARTH",
      "CustomerID2":"WARTH",
      "EmployeeID":"3",
      "dateTime1":"201730",
      "dateTime2":"2017-30",
      "dateTime3":"201730",
      "OrderDate":"1996-07-26 오전 12:00:00",
      "RequiredDate":"1996-09-06 오전 12:00:00",
      "ShippedDate":"1996-07-31 오전 12:00:00",
      "ShipVia":"3",
      "Freight":"25.7300",
      "ShipName":"Wartian Herkku",
      "ShipAddress":"Torikatu 38",
      "ShipCity":"Oulu",
      "ShipRegion":null,
      "ShipPostalCode":"90110",
      "ShipCountry":"Finland",
      "CompanyName":"Wartian Herkku",
      "Country":"Finland",
      "Shipping":"False",
      "SmallFlag":"/resource/image/smallflag/fi.png",
      "NormalFlag":"/resource/image/normalflag/fi.png",
      "Phone":"981-443655",
      "ProductName":"Queso Manchego La Pastora",
      "QuantityPerUnit":"10 - 500 g pkgs.",
      "Quantity":"12",
      "UnitPrice":"30.4000"
   },
   {
      "OrderID":"10267",
      "CustomerID":"FRANK",
      "CustomerID2":"FRANK",
      "EmployeeID":"4",
      "dateTime1":"201730",
      "dateTime2":"2017-30",
      "dateTime3":"201730",
      "OrderDate":"1996-07-29 오전 12:00:00",
      "RequiredDate":"1996-08-26 오전 12:00:00",
      "ShippedDate":"1996-08-06 오전 12:00:00",
      "ShipVia":"1",
      "Freight":"208.5800",
      "ShipName":"Frankenversand",
      "ShipAddress":"Berliner Platz 43",
      "ShipCity":"Munchen",
      "ShipRegion":null,
      "ShipPostalCode":"80805",
      "ShipCountry":"Germany",
      "CompanyName":"Frankenversand",
      "Country":"Germany",
      "Shipping":"True",
      "SmallFlag":"/resource/image/smallflag/de.png",
      "NormalFlag":"/resource/image/normalflag/de.png",
      "Phone":"089-0877310",
      "ProductName":"Boston Crab Meat",
      "QuantityPerUnit":"24 - 4 oz tins",
      "Quantity":"50",
      "UnitPrice":"14.7000"
   },
   {
      "OrderID":"10267",
      "CustomerID":"FRANK",
      "CustomerID2":"FRANK",
      "EmployeeID":"4",
      "dateTime1":"201730",
      "dateTime2":"2017-30",
      "dateTime3":"201730",
      "OrderDate":"1996-07-29 오전 12:00:00",
      "RequiredDate":"1996-08-26 오전 12:00:00",
      "ShippedDate":"1996-08-06 오전 12:00:00",
      "ShipVia":"1",
      "Freight":"208.5800",
      "ShipName":"Frankenversand",
      "ShipAddress":"Berliner Platz 43",
      "ShipCity":"Munchen",
      "ShipRegion":null,
      "ShipPostalCode":"80805",
      "ShipCountry":"Germany",
      "CompanyName":"Frankenversand",
      "Country":"Germany",
      "Shipping":"True",
      "SmallFlag":"/resource/image/smallflag/de.png",
      "NormalFlag":"/resource/image/normalflag/de.png",
      "Phone":"089-0877310",
      "ProductName":"Raclette Courdavault",
      "QuantityPerUnit":"5 kg pkg.",
      "Quantity":"70",
      "UnitPrice":"44.0000"
   },
   {
      "OrderID":"10267",
      "CustomerID":"FRANK",
      "CustomerID2":"FRANK",
      "EmployeeID":"4",
      "dateTime1":"201730",
      "dateTime2":"2017-30",
      "dateTime3":"201730",
      "OrderDate":"1996-07-29 오전 12:00:00",
      "RequiredDate":"1996-08-26 오전 12:00:00",
      "ShippedDate":"1996-08-06 오전 12:00:00",
      "ShipVia":"1",
      "Freight":"208.5800",
      "ShipName":"Frankenversand",
      "ShipAddress":"Berliner Platz 43",
      "ShipCity":"Munchen",
      "ShipRegion":null,
      "ShipPostalCode":"80805",
      "ShipCountry":"Germany",
      "CompanyName":"Frankenversand",
      "Country":"Germany",
      "Shipping":"True",
      "SmallFlag":"/resource/image/smallflag/de.png",
      "NormalFlag":"/resource/image/normalflag/de.png",
      "Phone":"089-0877310",
      "ProductName":"Lakkalikoori",
      "QuantityPerUnit":"500 ml",
      "Quantity":"15",
      "UnitPrice":"14.4000"
   },
   {
      "OrderID":"10268",
      "CustomerID":"GROSR",
      "CustomerID2":"GROSR",
      "EmployeeID":"8",
      "dateTime1":"201730",
      "dateTime2":"2017-30",
      "dateTime3":"201730",
      "OrderDate":"1996-07-30 오전 12:00:00",
      "RequiredDate":"1996-08-27 오전 12:00:00",
      "ShippedDate":"1996-08-02 오전 12:00:00",
      "ShipVia":"3",
      "Freight":"66.2900",
      "ShipName":"GROSELLA-Restaurante",
      "ShipAddress":"5ª Ave. Los Palos Grandes",
      "ShipCity":"Caracas",
      "ShipRegion":"DF",
      "ShipPostalCode":"1081",
      "ShipCountry":"Venezuela",
      "CompanyName":"GROSELLA-Restaurante",
      "Country":"Venezuela",
      "Shipping":"True",
      "SmallFlag":"/resource/image/smallflag/ve.png",
      "NormalFlag":"/resource/image/normalflag/ve.png",
      "Phone":"(2) 283-2951",
      "ProductName":"Thuringer Rostbratwurst",
      "QuantityPerUnit":"50 bags x 30 sausgs.",
      "Quantity":"10",
      "UnitPrice":"99.0000"
   },
   {
      "OrderID":"10268",
      "CustomerID":"GROSR",
      "CustomerID2":"GROSR",
      "EmployeeID":"8",
      "dateTime1":"201730",
      "dateTime2":"2017-30",
      "dateTime3":"201730",
      "OrderDate":"1996-07-30 오전 12:00:00",
      "RequiredDate":"1996-08-27 오전 12:00:00",
      "ShippedDate":"1996-08-02 오전 12:00:00",
      "ShipVia":"3",
      "Freight":"66.2900",
      "ShipName":"GROSELLA-Restaurante",
      "ShipAddress":"5ª Ave. Los Palos Grandes",
      "ShipCity":"Caracas",
      "ShipRegion":"DF",
      "ShipPostalCode":"1081",
      "ShipCountry":"Venezuela",
      "CompanyName":"GROSELLA-Restaurante",
      "Country":"Venezuela",
      "Shipping":"True",
      "SmallFlag":"/resource/image/smallflag/ve.png",
      "NormalFlag":"/resource/image/normalflag/ve.png",
      "Phone":"(2) 283-2951",
      "ProductName":"Mozzarella di Giovanni",
      "QuantityPerUnit":"24 - 200 g pkgs.",
      "Quantity":"4",
      "UnitPrice":"27.8000"
   },
   {
      "OrderID":"10269",
      "CustomerID":"WHITC",
      "CustomerID2":"WHITC",
      "EmployeeID":"5",
      "dateTime1":"201730",
      "dateTime2":"2017-30",
      "dateTime3":"201730",
      "OrderDate":"1996-07-31 오전 12:00:00",
      "RequiredDate":"1996-08-14 오전 12:00:00",
      "ShippedDate":"1996-08-09 오전 12:00:00",
      "ShipVia":"1",
      "Freight":"4.5600",
      "ShipName":"White Clover Markets",
      "ShipAddress":"1029 - 12th Ave. S.",
      "ShipCity":"Seattle",
      "ShipRegion":"WA",
      "ShipPostalCode":"98124",
      "ShipCountry":"USA",
      "CompanyName":"White Clover Markets",
      "Country":"USA",
      "Shipping":"True",
      "SmallFlag":"/resource/image/smallflag/us.png",
      "NormalFlag":"/resource/image/normalflag/us.png",
      "Phone":"(206) 555-4112",
      "ProductName":"Geitost",
      "QuantityPerUnit":"500 g",
      "Quantity":"60",
      "UnitPrice":"2.0000"
   },
   {
      "OrderID":"10269",
      "CustomerID":"WHITC",
      "CustomerID2":"WHITC",
      "EmployeeID":"5",
      "dateTime1":"201730",
      "dateTime2":"2017-30",
      "dateTime3":"201730",
      "OrderDate":"1996-07-31 오전 12:00:00",
      "RequiredDate":"1996-08-14 오전 12:00:00",
      "ShippedDate":"1996-08-09 오전 12:00:00",
      "ShipVia":"1",
      "Freight":"4.5600",
      "ShipName":"White Clover Markets",
      "ShipAddress":"1029 - 12th Ave. S.",
      "ShipCity":"Seattle",
      "ShipRegion":"WA",
      "ShipPostalCode":"98124",
      "ShipCountry":"USA",
      "CompanyName":"White Clover Markets",
      "Country":"USA",
      "Shipping":"True",
      "SmallFlag":"/resource/image/smallflag/us.png",
      "NormalFlag":"/resource/image/normalflag/us.png",
      "Phone":"(206) 555-4112",
      "ProductName":"Mozzarella di Giovanni",
      "QuantityPerUnit":"24 - 200 g pkgs.",
      "Quantity":"20",
      "UnitPrice":"27.8000"
   },
   {
      "OrderID":"10270",
      "CustomerID":"WARTH",
      "CustomerID2":"WARTH",
      "EmployeeID":"1",
      "dateTime1":"201730",
      "dateTime2":"2017-30",
      "dateTime3":"201730",
      "OrderDate":"1996-08-01 오전 12:00:00",
      "RequiredDate":"1996-08-29 오전 12:00:00",
      "ShippedDate":"1996-08-02 오전 12:00:00",
      "ShipVia":"1",
      "Freight":"136.5400",
      "ShipName":"Wartian Herkku",
      "ShipAddress":"Torikatu 38",
      "ShipCity":"Oulu",
      "ShipRegion":null,
      "ShipPostalCode":"90110",
      "ShipCountry":"Finland",
      "CompanyName":"Wartian Herkku",
      "Country":"Finland",
      "Shipping":"True",
      "SmallFlag":"/resource/image/smallflag/fi.png",
      "NormalFlag":"/resource/image/normalflag/fi.png",
      "Phone":"981-443655",
      "ProductName":"Inlagd Sill",
      "QuantityPerUnit":"24 - 250 g  jars",
      "Quantity":"30",
      "UnitPrice":"15.2000"
   },
   {
      "OrderID":"10270",
      "CustomerID":"WARTH",
      "CustomerID2":"WARTH",
      "EmployeeID":"1",
      "dateTime1":"201730",
      "dateTime2":"2017-30",
      "dateTime3":"201730",
      "OrderDate":"1996-08-01 오전 12:00:00",
      "RequiredDate":"1996-08-29 오전 12:00:00",
      "ShippedDate":"1996-08-02 오전 12:00:00",
      "ShipVia":"1",
      "Freight":"136.5400",
      "ShipName":"Wartian Herkku",
      "ShipAddress":"Torikatu 38",
      "ShipCity":"Oulu",
      "ShipRegion":null,
      "ShipPostalCode":"90110",
      "ShipCountry":"Finland",
      "CompanyName":"Wartian Herkku",
      "Country":"Finland",
      "Shipping":"True",
      "SmallFlag":"/resource/image/smallflag/fi.png",
      "NormalFlag":"/resource/image/normalflag/fi.png",
      "Phone":"981-443655",
      "ProductName":"Ipoh Coffee",
      "QuantityPerUnit":"16 - 500 g tins",
      "Quantity":"25",
      "UnitPrice":"36.8000"
   },
   {
      "OrderID":"10271",
      "CustomerID":"SPLIR",
      "CustomerID2":"SPLIR",
      "EmployeeID":"6",
      "dateTime1":"201730",
      "dateTime2":"2017-30",
      "dateTime3":"201730",
      "OrderDate":"1996-08-01 오전 12:00:00",
      "RequiredDate":"1996-08-29 오전 12:00:00",
      "ShippedDate":"1996-08-30 오전 12:00:00",
      "ShipVia":"2",
      "Freight":"4.5400",
      "ShipName":"Split Rail Beer & Ale",
      "ShipAddress":"P.O. Box 555",
      "ShipCity":"Lander",
      "ShipRegion":"WY",
      "ShipPostalCode":"82520",
      "ShipCountry":"USA",
      "CompanyName":"Split Rail Beer & Ale",
      "Country":"USA",
      "Shipping":"False",
      "SmallFlag":"/resource/image/smallflag/us.png",
      "NormalFlag":"/resource/image/normalflag/us.png",
      "Phone":"(307) 555-4680",
      "ProductName":"Geitost",
      "QuantityPerUnit":"500 g",
      "Quantity":"24",
      "UnitPrice":"2.0000"
   },
   {
      "OrderID":"10272",
      "CustomerID":"RATTC",
      "CustomerID2":"RATTC",
      "EmployeeID":"6",
      "dateTime1":"201730",
      "dateTime2":"2017-30",
      "dateTime3":"201730",
      "OrderDate":"1996-08-02 오전 12:00:00",
      "RequiredDate":"1996-08-30 오전 12:00:00",
      "ShippedDate":"1996-08-06 오전 12:00:00",
      "ShipVia":"2",
      "Freight":"98.0300",
      "ShipName":"Rattlesnake Canyon Grocery",
      "ShipAddress":"2817 Milton Dr.",
      "ShipCity":"Albuquerque",
      "ShipRegion":"NM",
      "ShipPostalCode":"87110",
      "ShipCountry":"USA",
      "CompanyName":"Rattlesnake Canyon Grocery",
      "Country":"USA",
      "Shipping":"True",
      "SmallFlag":"/resource/image/smallflag/us.png",
      "NormalFlag":"/resource/image/normalflag/us.png",
      "Phone":"(505) 555-5939",
      "ProductName":"Sir Rodney\u0027s Marmalade",
      "QuantityPerUnit":"30 gift boxes",
      "Quantity":"6",
      "UnitPrice":"64.8000"
   },
   {
      "OrderID":"10272",
      "CustomerID":"RATTC",
      "CustomerID2":"RATTC",
      "EmployeeID":"6",
      "dateTime1":"201730",
      "dateTime2":"2017-30",
      "dateTime3":"201730",
      "OrderDate":"1996-08-02 오전 12:00:00",
      "RequiredDate":"1996-08-30 오전 12:00:00",
      "ShippedDate":"1996-08-06 오전 12:00:00",
      "ShipVia":"2",
      "Freight":"98.0300",
      "ShipName":"Rattlesnake Canyon Grocery",
      "ShipAddress":"2817 Milton Dr.",
      "ShipCity":"Albuquerque",
      "ShipRegion":"NM",
      "ShipPostalCode":"87110",
      "ShipCountry":"USA",
      "CompanyName":"Rattlesnake Canyon Grocery",
      "Country":"USA",
      "Shipping":"True",
      "SmallFlag":"/resource/image/smallflag/us.png",
      "NormalFlag":"/resource/image/normalflag/us.png",
      "Phone":"(505) 555-5939",
      "ProductName":"Gorgonzola Telino",
      "QuantityPerUnit":"12 - 100 g pkgs",
      "Quantity":"40",
      "UnitPrice":"10.0000"
   },
   {
      "OrderID":"10272",
      "CustomerID":"RATTC",
      "CustomerID2":"RATTC",
      "EmployeeID":"6",
      "dateTime1":"201730",
      "dateTime2":"2017-30",
      "dateTime3":"201730",
      "OrderDate":"1996-08-02 오전 12:00:00",
      "RequiredDate":"1996-08-30 오전 12:00:00",
      "ShippedDate":"1996-08-06 오전 12:00:00",
      "ShipVia":"2",
      "Freight":"98.0300",
      "ShipName":"Rattlesnake Canyon Grocery",
      "ShipAddress":"2817 Milton Dr.",
      "ShipCity":"Albuquerque",
      "ShipRegion":"NM",
      "ShipPostalCode":"87110",
      "ShipCountry":"USA",
      "CompanyName":"Rattlesnake Canyon Grocery",
      "Country":"USA",
      "Shipping":"True",
      "SmallFlag":"/resource/image/smallflag/us.png",
      "NormalFlag":"/resource/image/normalflag/us.png",
      "Phone":"(505) 555-5939",
      "ProductName":"Mozzarella di Giovanni",
      "QuantityPerUnit":"24 - 200 g pkgs.",
      "Quantity":"24",
      "UnitPrice":"27.8000"
   },
   {
      "OrderID":"10273",
      "CustomerID":"QUICK",
      "CustomerID2":"QUICK",
      "EmployeeID":"3",
      "dateTime1":"201730",
      "dateTime2":"2017-30",
      "dateTime3":"201730",
      "OrderDate":"1996-08-05 오전 12:00:00",
      "RequiredDate":"1996-09-02 오전 12:00:00",
      "ShippedDate":"1996-08-12 오전 12:00:00",
      "ShipVia":"3",
      "Freight":"76.0700",
      "ShipName":"QUICK-Stop",
      "ShipAddress":"Taucherstraße 10",
      "ShipCity":"Cunewalde",
      "ShipRegion":null,
      "ShipPostalCode":"01307",
      "ShipCountry":"Germany",
      "CompanyName":"QUICK-Stop",
      "Country":"Germany",
      "Shipping":"True",
      "SmallFlag":"/resource/image/smallflag/de.png",
      "NormalFlag":"/resource/image/normalflag/de.png",
      "Phone":"0372-035188",
      "ProductName":"Ikura",
      "QuantityPerUnit":"12 - 200 ml jars",
      "Quantity":"24",
      "UnitPrice":"24.8000"
   },
   {
      "OrderID":"10273",
      "CustomerID":"QUICK",
      "CustomerID2":"QUICK",
      "EmployeeID":"3",
      "dateTime1":"201730",
      "dateTime2":"2017-30",
      "dateTime3":"201730",
      "OrderDate":"1996-08-05 오전 12:00:00",
      "RequiredDate":"1996-09-02 오전 12:00:00",
      "ShippedDate":"1996-08-12 오전 12:00:00",
      "ShipVia":"3",
      "Freight":"76.0700",
      "ShipName":"QUICK-Stop",
      "ShipAddress":"Taucherstraße 10",
      "ShipCity":"Cunewalde",
      "ShipRegion":null,
      "ShipPostalCode":"01307",
      "ShipCountry":"Germany",
      "CompanyName":"QUICK-Stop",
      "Country":"Germany",
      "Shipping":"True",
      "SmallFlag":"/resource/image/smallflag/de.png",
      "NormalFlag":"/resource/image/normalflag/de.png",
      "Phone":"0372-035188",
      "ProductName":"Gorgonzola Telino",
      "QuantityPerUnit":"12 - 100 g pkgs",
      "Quantity":"15",
      "UnitPrice":"10.0000"
   },
   {
      "OrderID":"10273",
      "CustomerID":"QUICK",
      "CustomerID2":"QUICK",
      "EmployeeID":"3",
      "dateTime1":"201730",
      "dateTime2":"2017-30",
      "dateTime3":"201730",
      "OrderDate":"1996-08-05 오전 12:00:00",
      "RequiredDate":"1996-09-02 오전 12:00:00",
      "ShippedDate":"1996-08-12 오전 12:00:00",
      "ShipVia":"3",
      "Freight":"76.0700",
      "ShipName":"QUICK-Stop",
      "ShipAddress":"Taucherstraße 10",
      "ShipCity":"Cunewalde",
      "ShipRegion":null,
      "ShipPostalCode":"01307",
      "ShipCountry":"Germany",
      "CompanyName":"QUICK-Stop",
      "Country":"Germany",
      "Shipping":"True",
      "SmallFlag":"/resource/image/smallflag/de.png",
      "NormalFlag":"/resource/image/normalflag/de.png",
      "Phone":"0372-035188",
      "ProductName":"Geitost",
      "QuantityPerUnit":"500 g",
      "Quantity":"20",
      "UnitPrice":"2.0000"
   },
   {
      "OrderID":"10273",
      "CustomerID":"QUICK",
      "CustomerID2":"QUICK",
      "EmployeeID":"3",
      "dateTime1":"201730",
      "dateTime2":"2017-30",
      "dateTime3":"201730",
      "OrderDate":"1996-08-05 오전 12:00:00",
      "RequiredDate":"1996-09-02 오전 12:00:00",
      "ShippedDate":"1996-08-12 오전 12:00:00",
      "ShipVia":"3",
      "Freight":"76.0700",
      "ShipName":"QUICK-Stop",
      "ShipAddress":"Taucherstraße 10",
      "ShipCity":"Cunewalde",
      "ShipRegion":null,
      "ShipPostalCode":"01307",
      "ShipCountry":"Germany",
      "CompanyName":"QUICK-Stop",
      "Country":"Germany",
      "Shipping":"True",
      "SmallFlag":"/resource/image/smallflag/de.png",
      "NormalFlag":"/resource/image/normalflag/de.png",
      "Phone":"0372-035188",
      "ProductName":"Boston Crab Meat",
      "QuantityPerUnit":"24 - 4 oz tins",
      "Quantity":"60",
      "UnitPrice":"14.7000"
   },
   {
      "OrderID":"10273",
      "CustomerID":"QUICK",
      "CustomerID2":"QUICK",
      "EmployeeID":"3",
      "dateTime1":"201730",
      "dateTime2":"2017-30",
      "dateTime3":"201730",
      "OrderDate":"1996-08-05 오전 12:00:00",
      "RequiredDate":"1996-09-02 오전 12:00:00",
      "ShippedDate":"1996-08-12 오전 12:00:00",
      "ShipVia":"3",
      "Freight":"76.0700",
      "ShipName":"QUICK-Stop",
      "ShipAddress":"Taucherstraße 10",
      "ShipCity":"Cunewalde",
      "ShipRegion":null,
      "ShipPostalCode":"01307",
      "ShipCountry":"Germany",
      "CompanyName":"QUICK-Stop",
      "Country":"Germany",
      "Shipping":"True",
      "SmallFlag":"/resource/image/smallflag/de.png",
      "NormalFlag":"/resource/image/normalflag/de.png",
      "Phone":"0372-035188",
      "ProductName":"Lakkalikoori",
      "QuantityPerUnit":"500 ml",
      "Quantity":"33",
      "UnitPrice":"14.4000"
   },
   {
      "OrderID":"10274",
      "CustomerID":"VINET",
      "CustomerID2":"VINAC",
      "EmployeeID":"6",
      "dateTime1":"201730",
      "dateTime2":"2017-30",
      "dateTime3":"201730",
      "OrderDate":"1996-08-06 오전 12:00:00",
      "RequiredDate":"1996-09-03 오전 12:00:00",
      "ShippedDate":"1996-08-16 오전 12:00:00",
      "ShipVia":"1",
      "Freight":"6.0100",
      "ShipName":"Vins et alcools Chevalier",
      "ShipAddress":"59 rue de l\u0027Abbaye",
      "ShipCity":"Reims",
      "ShipRegion":null,
      "ShipPostalCode":"51100",
      "ShipCountry":"France",
      "CompanyName":"Vins et alcools Chevalier\r\n",
      "Country":"France",
      "Shipping":"True",
      "SmallFlag":"/resource/image/smallflag/fr.png",
      "NormalFlag":"/resource/image/normalflag/fr.png",
      "Phone":"26.47.15.10",
      "ProductName":"Flotemysost",
      "QuantityPerUnit":"10 - 500 g pkgs.",
      "Quantity":"20",
      "UnitPrice":"17.2000"
   },
   {
      "OrderID":"10274",
      "CustomerID":"VINET",
      "CustomerID2":"VINAC",
      "EmployeeID":"6",
      "dateTime1":"201730",
      "dateTime2":"2017-30",
      "dateTime3":"201730",
      "OrderDate":"1996-08-06 오전 12:00:00",
      "RequiredDate":"1996-09-03 오전 12:00:00",
      "ShippedDate":"1996-08-16 오전 12:00:00",
      "ShipVia":"1",
      "Freight":"6.0100",
      "ShipName":"Vins et alcools Chevalier",
      "ShipAddress":"59 rue de l\u0027Abbaye",
      "ShipCity":"Reims",
      "ShipRegion":null,
      "ShipPostalCode":"51100",
      "ShipCountry":"France",
      "CompanyName":"Vins et alcools Chevalier\r\n",
      "Country":"France",
      "Shipping":"True",
      "SmallFlag":"/resource/image/smallflag/fr.png",
      "NormalFlag":"/resource/image/normalflag/fr.png",
      "Phone":"26.47.15.10",
      "ProductName":"Mozzarella di Giovanni",
      "QuantityPerUnit":"24 - 200 g pkgs.",
      "Quantity":"7",
      "UnitPrice":"27.8000"
   },
   {
      "OrderID":"10275",
      "CustomerID":"MAGAA",
      "CustomerID2":"MAGAA",
      "EmployeeID":"1",
      "dateTime1":"201730",
      "dateTime2":"2017-30",
      "dateTime3":"201730",
      "OrderDate":"1996-08-07 오전 12:00:00",
      "RequiredDate":"1996-09-04 오전 12:00:00",
      "ShippedDate":"1996-08-09 오전 12:00:00",
      "ShipVia":"1",
      "Freight":"26.9300",
      "ShipName":"Magazzini Alimentari Riuniti",
      "ShipAddress":"Via Ludovico il Moro 22",
      "ShipCity":"Bergamo",
      "ShipRegion":null,
      "ShipPostalCode":"24100",
      "ShipCountry":"Italy",
      "CompanyName":"Magazzini Alimentari Riuniti",
      "Country":"Italy",
      "Shipping":"True",
      "SmallFlag":"/resource/image/smallflag/it.png",
      "NormalFlag":"/resource/image/normalflag/it.png",
      "Phone":"035-640230",
      "ProductName":"Guarana Fantastica",
      "QuantityPerUnit":"12 - 355 ml cans",
      "Quantity":"12",
      "UnitPrice":"3.6000"
   },
   {
      "OrderID":"10275",
      "CustomerID":"MAGAA",
      "CustomerID2":"MAGAA",
      "EmployeeID":"1",
      "dateTime1":"201730",
      "dateTime2":"2017-30",
      "dateTime3":"201730",
      "OrderDate":"1996-08-07 오전 12:00:00",
      "RequiredDate":"1996-09-04 오전 12:00:00",
      "ShippedDate":"1996-08-09 오전 12:00:00",
      "ShipVia":"1",
      "Freight":"26.9300",
      "ShipName":"Magazzini Alimentari Riuniti",
      "ShipAddress":"Via Ludovico il Moro 22",
      "ShipCity":"Bergamo",
      "ShipRegion":null,
      "ShipPostalCode":"24100",
      "ShipCountry":"Italy",
      "CompanyName":"Magazzini Alimentari Riuniti",
      "Country":"Italy",
      "Shipping":"True",
      "SmallFlag":"/resource/image/smallflag/it.png",
      "NormalFlag":"/resource/image/normalflag/it.png",
      "Phone":"035-640230",
      "ProductName":"Raclette Courdavault",
      "QuantityPerUnit":"5 kg pkg.",
      "Quantity":"6",
      "UnitPrice":"44.0000"
   },
   {
      "OrderID":"10276",
      "CustomerID":"TORTU",
      "CustomerID2":"TORTU",
      "EmployeeID":"8",
      "dateTime1":"201730",
      "dateTime2":"2017-30",
      "dateTime3":"201730",
      "OrderDate":"1996-08-08 오전 12:00:00",
      "RequiredDate":"1996-08-22 오전 12:00:00",
      "ShippedDate":"1996-08-14 오전 12:00:00",
      "ShipVia":"3",
      "Freight":"13.8400",
      "ShipName":"Tortuga Restaurante",
      "ShipAddress":"Avda. Azteca 123",
      "ShipCity":"Mexico D.F.",
      "ShipRegion":null,
      "ShipPostalCode":"05033",
      "ShipCountry":"Mexico",
      "CompanyName":"Tortuga Restaurante",
      "Country":"Mexico",
      "Shipping":"True",
      "SmallFlag":"/resource/image/smallflag/mx.png",
      "NormalFlag":"/resource/image/normalflag/mx.png",
      "Phone":"(5) 555-2933",
      "ProductName":"Ikura",
      "QuantityPerUnit":"12 - 200 ml jars",
      "Quantity":"15",
      "UnitPrice":"24.8000"
   },
   {
      "OrderID":"10276",
      "CustomerID":"TORTU",
      "CustomerID2":"TORTU",
      "EmployeeID":"8",
      "dateTime1":"201730",
      "dateTime2":"2017-30",
      "dateTime3":"201730",
      "OrderDate":"1996-08-08 오전 12:00:00",
      "RequiredDate":"1996-08-22 오전 12:00:00",
      "ShippedDate":"1996-08-14 오전 12:00:00",
      "ShipVia":"3",
      "Freight":"13.8400",
      "ShipName":"Tortuga Restaurante",
      "ShipAddress":"Avda. Azteca 123",
      "ShipCity":"Mexico D.F.",
      "ShipRegion":null,
      "ShipPostalCode":"05033",
      "ShipCountry":"Mexico",
      "CompanyName":"Tortuga Restaurante",
      "Country":"Mexico",
      "Shipping":"True",
      "SmallFlag":"/resource/image/smallflag/mx.png",
      "NormalFlag":"/resource/image/normalflag/mx.png",
      "Phone":"(5) 555-2933",
      "ProductName":"Konbu",
      "QuantityPerUnit":"2 kg box",
      "Quantity":"10",
      "UnitPrice":"4.8000"
   },
   {
      "OrderID":"10277",
      "CustomerID":"MORGK",
      "CustomerID2":"MORGK",
      "EmployeeID":"2",
      "dateTime1":"201730",
      "dateTime2":"2017-30",
      "dateTime3":"201730",
      "OrderDate":"1996-08-09 오전 12:00:00",
      "RequiredDate":"1996-09-06 오전 12:00:00",
      "ShippedDate":"1996-08-13 오전 12:00:00",
      "ShipVia":"3",
      "Freight":"125.7700",
      "ShipName":"Morgenstern Gesundkost",
      "ShipAddress":"Heerstr. 22",
      "ShipCity":"Leipzig",
      "ShipRegion":null,
      "ShipPostalCode":"04179",
      "ShipCountry":"Germany",
      "CompanyName":"Morgenstern Gesundkost",
      "Country":"Germany",
      "Shipping":"False",
      "SmallFlag":"/resource/image/smallflag/de.png",
      "NormalFlag":"/resource/image/normalflag/de.png",
      "Phone":"0342-023176",
      "ProductName":"Rossle Sauerkraut",
      "QuantityPerUnit":"25 - 825 g cans",
      "Quantity":"20",
      "UnitPrice":"36.4000"
   },
   {
      "OrderID":"10277",
      "CustomerID":"MORGK",
      "CustomerID2":"MORGK",
      "EmployeeID":"2",
      "dateTime1":"201730",
      "dateTime2":"2017-30",
      "dateTime3":"201730",
      "OrderDate":"1996-08-09 오전 12:00:00",
      "RequiredDate":"1996-09-06 오전 12:00:00",
      "ShippedDate":"1996-08-13 오전 12:00:00",
      "ShipVia":"3",
      "Freight":"125.7700",
      "ShipName":"Morgenstern Gesundkost",
      "ShipAddress":"Heerstr. 22",
      "ShipCity":"Leipzig",
      "ShipRegion":null,
      "ShipPostalCode":"04179",
      "ShipCountry":"Germany",
      "CompanyName":"Morgenstern Gesundkost",
      "Country":"Germany",
      "Shipping":"False",
      "SmallFlag":"/resource/image/smallflag/de.png",
      "NormalFlag":"/resource/image/normalflag/de.png",
      "Phone":"0342-023176",
      "ProductName":"Tarte au sucre",
      "QuantityPerUnit":"48 pies",
      "Quantity":"12",
      "UnitPrice":"39.4000"
   },
   {
      "OrderID":"10278",
      "CustomerID":"BERGS",
      "CustomerID2":"BERGS",
      "EmployeeID":"8",
      "dateTime1":"201730",
      "dateTime2":"2017-30",
      "dateTime3":"201730",
      "OrderDate":"1996-08-12 오전 12:00:00",
      "RequiredDate":"1996-09-09 오전 12:00:00",
      "ShippedDate":"1996-08-16 오전 12:00:00",
      "ShipVia":"2",
      "Freight":"92.6900",
      "ShipName":"Berglunds snabbkop",
      "ShipAddress":"Berguvsvagen  8",
      "ShipCity":"Lulea",
      "ShipRegion":null,
      "ShipPostalCode":"S-958 22",
      "ShipCountry":"Sweden",
      "CompanyName":"Berglunds snabbkop",
      "Country":"Sweden",
      "Shipping":"True",
      "SmallFlag":"/resource/image/smallflag/se.png",
      "NormalFlag":"/resource/image/normalflag/se.png",
      "Phone":"0921-12 34 65",
      "ProductName":"Gula Malacca",
      "QuantityPerUnit":"20 - 2 kg bags",
      "Quantity":"16",
      "UnitPrice":"15.5000"
   },
   {
      "OrderID":"10278",
      "CustomerID":"BERGS",
      "CustomerID2":"BERGS",
      "EmployeeID":"8",
      "dateTime1":"201730",
      "dateTime2":"2017-30",
      "dateTime3":"201730",
      "OrderDate":"1996-08-12 오전 12:00:00",
      "RequiredDate":"1996-09-09 오전 12:00:00",
      "ShippedDate":"1996-08-16 오전 12:00:00",
      "ShipVia":"2",
      "Freight":"92.6900",
      "ShipName":"Berglunds snabbkop",
      "ShipAddress":"Berguvsvagen  8",
      "ShipCity":"Lulea",
      "ShipRegion":null,
      "ShipPostalCode":"S-958 22",
      "ShipCountry":"Sweden",
      "CompanyName":"Berglunds snabbkop",
      "Country":"Sweden",
      "Shipping":"True",
      "SmallFlag":"/resource/image/smallflag/se.png",
      "NormalFlag":"/resource/image/normalflag/se.png",
      "Phone":"0921-12 34 65",
      "ProductName":"Raclette Courdavault",
      "QuantityPerUnit":"5 kg pkg.",
      "Quantity":"15",
      "UnitPrice":"44.0000"
   },
   {
      "OrderID":"10278",
      "CustomerID":"BERGS",
      "CustomerID2":"BERGS",
      "EmployeeID":"8",
      "dateTime1":"201730",
      "dateTime2":"2017-30",
      "dateTime3":"201730",
      "OrderDate":"1996-08-12 오전 12:00:00",
      "RequiredDate":"1996-09-09 오전 12:00:00",
      "ShippedDate":"1996-08-16 오전 12:00:00",
      "ShipVia":"2",
      "Freight":"92.6900",
      "ShipName":"Berglunds snabbkop",
      "ShipAddress":"Berguvsvagen  8",
      "ShipCity":"Lulea",
      "ShipRegion":null,
      "ShipPostalCode":"S-958 22",
      "ShipCountry":"Sweden",
      "CompanyName":"Berglunds snabbkop",
      "Country":"Sweden",
      "Shipping":"True",
      "SmallFlag":"/resource/image/smallflag/se.png",
      "NormalFlag":"/resource/image/normalflag/se.png",
      "Phone":"0921-12 34 65",
      "ProductName":"Vegie-spread",
      "QuantityPerUnit":"15 - 625 g jars",
      "Quantity":"8",
      "UnitPrice":"35.1000"
   },
   {
      "OrderID":"10278",
      "CustomerID":"BERGS",
      "CustomerID2":"BERGS",
      "EmployeeID":"8",
      "dateTime1":"201730",
      "dateTime2":"2017-30",
      "dateTime3":"201730",
      "OrderDate":"1996-08-12 오전 12:00:00",
      "RequiredDate":"1996-09-09 오전 12:00:00",
      "ShippedDate":"1996-08-16 오전 12:00:00",
      "ShipVia":"2",
      "Freight":"92.6900",
      "ShipName":"Berglunds snabbkop",
      "ShipAddress":"Berguvsvagen  8",
      "ShipCity":"Lulea",
      "ShipRegion":null,
      "ShipPostalCode":"S-958 22",
      "ShipCountry":"Sweden",
      "CompanyName":"Berglunds snabbkop",
      "Country":"Sweden",
      "Shipping":"True",
      "SmallFlag":"/resource/image/smallflag/se.png",
      "NormalFlag":"/resource/image/normalflag/se.png",
      "Phone":"0921-12 34 65",
      "ProductName":"Rod Kaviar",
      "QuantityPerUnit":"24 - 150 g jars",
      "Quantity":"25",
      "UnitPrice":"12.0000"
   },
   {
      "OrderID":"10279",
      "CustomerID":"LEHMS",
      "CustomerID2":"LEHMS",
      "EmployeeID":"8",
      "dateTime1":"201730",
      "dateTime2":"2017-30",
      "dateTime3":"201730",
      "OrderDate":"1996-08-13 오전 12:00:00",
      "RequiredDate":"1996-09-10 오전 12:00:00",
      "ShippedDate":"1996-08-16 오전 12:00:00",
      "ShipVia":"2",
      "Freight":"25.8300",
      "ShipName":"Lehmanns Marktstand",
      "ShipAddress":"Magazinweg 7",
      "ShipCity":"Frankfurt a.M.",
      "ShipRegion":null,
      "ShipPostalCode":"60528",
      "ShipCountry":"Germany",
      "CompanyName":"Lehmanns Marktstand",
      "Country":"Germany",
      "Shipping":"True",
      "SmallFlag":"/resource/image/smallflag/de.png",
      "NormalFlag":"/resource/image/normalflag/de.png",
      "Phone":"069-0245984",
      "ProductName":"Alice Mutton",
      "QuantityPerUnit":"20 - 1 kg tins",
      "Quantity":"15",
      "UnitPrice":"31.2000"
   },
   {
      "OrderID":"10280",
      "CustomerID":"BERGS",
      "CustomerID2":"BERGS",
      "EmployeeID":"2",
      "dateTime1":"201730",
      "dateTime2":"2017-30",
      "dateTime3":"201730",
      "OrderDate":"1996-08-14 오전 12:00:00",
      "RequiredDate":"1996-09-11 오전 12:00:00",
      "ShippedDate":"1996-09-12 오전 12:00:00",
      "ShipVia":"1",
      "Freight":"8.9800",
      "ShipName":"Berglunds snabbkop",
      "ShipAddress":"Berguvsvagen  8",
      "ShipCity":"Lulea",
      "ShipRegion":null,
      "ShipPostalCode":"S-958 22",
      "ShipCountry":"Sweden",
      "CompanyName":"Berglunds snabbkop",
      "Country":"Sweden",
      "Shipping":"True",
      "SmallFlag":"/resource/image/smallflag/se.png",
      "NormalFlag":"/resource/image/normalflag/se.png",
      "Phone":"0921-12 34 65",
      "ProductName":"Guarana Fantastica",
      "QuantityPerUnit":"12 - 355 ml cans",
      "Quantity":"12",
      "UnitPrice":"3.6000"
   },
   {
      "OrderID":"10280",
      "CustomerID":"BERGS",
      "CustomerID2":"BERGS",
      "EmployeeID":"2",
      "dateTime1":"201730",
      "dateTime2":"2017-30",
      "dateTime3":"201730",
      "OrderDate":"1996-08-14 오전 12:00:00",
      "RequiredDate":"1996-09-11 오전 12:00:00",
      "ShippedDate":"1996-09-12 오전 12:00:00",
      "ShipVia":"1",
      "Freight":"8.9800",
      "ShipName":"Berglunds snabbkop",
      "ShipAddress":"Berguvsvagen  8",
      "ShipCity":"Lulea",
      "ShipRegion":null,
      "ShipPostalCode":"S-958 22",
      "ShipCountry":"Sweden",
      "CompanyName":"Berglunds snabbkop",
      "Country":"Sweden",
      "Shipping":"True",
      "SmallFlag":"/resource/image/smallflag/se.png",
      "NormalFlag":"/resource/image/normalflag/se.png",
      "Phone":"0921-12 34 65",
      "ProductName":"Pate chinois",
      "QuantityPerUnit":"24 boxes x 2 pies",
      "Quantity":"20",
      "UnitPrice":"19.2000"
   },
   {
      "OrderID":"10280",
      "CustomerID":"BERGS",
      "CustomerID2":"BERGS",
      "EmployeeID":"2",
      "dateTime1":"201730",
      "dateTime2":"2017-30",
      "dateTime3":"201730",
      "OrderDate":"1996-08-14 오전 12:00:00",
      "RequiredDate":"1996-09-11 오전 12:00:00",
      "ShippedDate":"1996-09-12 오전 12:00:00",
      "ShipVia":"1",
      "Freight":"8.9800",
      "ShipName":"Berglunds snabbkop",
      "ShipAddress":"Berguvsvagen  8",
      "ShipCity":"Lulea",
      "ShipRegion":null,
      "ShipPostalCode":"S-958 22",
      "ShipCountry":"Sweden",
      "CompanyName":"Berglunds snabbkop",
      "Country":"Sweden",
      "Shipping":"True",
      "SmallFlag":"/resource/image/smallflag/se.png",
      "NormalFlag":"/resource/image/normalflag/se.png",
      "Phone":"0921-12 34 65",
      "ProductName":"Rhonbrau Klosterbier",
      "QuantityPerUnit":"24 - 0.5 l bottles",
      "Quantity":"30",
      "UnitPrice":"6.2000"
   },
   {
      "OrderID":"10281",
      "CustomerID":"ROMEY",
      "CustomerID2":"ROMEY",
      "EmployeeID":"4",
      "dateTime1":"201730",
      "dateTime2":"2017-30",
      "dateTime3":"201730",
      "OrderDate":"1996-08-14 오전 12:00:00",
      "RequiredDate":"1996-08-28 오전 12:00:00",
      "ShippedDate":"1996-08-21 오전 12:00:00",
      "ShipVia":"1",
      "Freight":"2.9400",
      "ShipName":"Romero y tomillo",
      "ShipAddress":"Gran Via, 1",
      "ShipCity":"Madrid",
      "ShipRegion":null,
      "ShipPostalCode":"28001",
      "ShipCountry":"Spain",
      "CompanyName":"Romero y tomillo",
      "Country":"Spain",
      "Shipping":"True",
      "SmallFlag":"/resource/image/smallflag/es.png",
      "NormalFlag":"/resource/image/normalflag/es.png",
      "Phone":"(91) 745 6200",
      "ProductName":"Teatime Chocolate Biscuits",
      "QuantityPerUnit":"10 boxes x 12 pieces",
      "Quantity":"1",
      "UnitPrice":"7.3000"
   },
   {
      "OrderID":"10281",
      "CustomerID":"ROMEY",
      "CustomerID2":"ROMEY",
      "EmployeeID":"4",
      "dateTime1":"201730",
      "dateTime2":"2017-30",
      "dateTime3":"201730",
      "OrderDate":"1996-08-14 오전 12:00:00",
      "RequiredDate":"1996-08-28 오전 12:00:00",
      "ShippedDate":"1996-08-21 오전 12:00:00",
      "ShipVia":"1",
      "Freight":"2.9400",
      "ShipName":"Romero y tomillo",
      "ShipAddress":"Gran Via, 1",
      "ShipCity":"Madrid",
      "ShipRegion":null,
      "ShipPostalCode":"28001",
      "ShipCountry":"Spain",
      "CompanyName":"Romero y tomillo",
      "Country":"Spain",
      "Shipping":"True",
      "SmallFlag":"/resource/image/smallflag/es.png",
      "NormalFlag":"/resource/image/normalflag/es.png",
      "Phone":"(91) 745 6200",
      "ProductName":"Guarana Fantastica",
      "QuantityPerUnit":"12 - 355 ml cans",
      "Quantity":"6",
      "UnitPrice":"3.6000"
   },
   {
      "OrderID":"10281",
      "CustomerID":"ROMEY",
      "CustomerID2":"ROMEY",
      "EmployeeID":"4",
      "dateTime1":"201730",
      "dateTime2":"2017-30",
      "dateTime3":"201730",
      "OrderDate":"1996-08-14 오전 12:00:00",
      "RequiredDate":"1996-08-28 오전 12:00:00",
      "ShippedDate":"1996-08-21 오전 12:00:00",
      "ShipVia":"1",
      "Freight":"2.9400",
      "ShipName":"Romero y tomillo",
      "ShipAddress":"Gran Via, 1",
      "ShipCity":"Madrid",
      "ShipRegion":null,
      "ShipPostalCode":"28001",
      "ShipCountry":"Spain",
      "CompanyName":"Romero y tomillo",
      "Country":"Spain",
      "Shipping":"True",
      "SmallFlag":"/resource/image/smallflag/es.png",
      "NormalFlag":"/resource/image/normalflag/es.png",
      "Phone":"(91) 745 6200",
      "ProductName":"Steeleye Stout",
      "QuantityPerUnit":"24 - 12 oz bottles",
      "Quantity":"4",
      "UnitPrice":"14.4000"
   },
   {
      "OrderID":"10282",
      "CustomerID":"ROMEY",
      "CustomerID2":"ROMEY",
      "EmployeeID":"4",
      "dateTime1":"201730",
      "dateTime2":"2017-30",
      "dateTime3":"201730",
      "OrderDate":"1996-08-15 오전 12:00:00",
      "RequiredDate":"1996-09-12 오전 12:00:00",
      "ShippedDate":"1996-08-21 오전 12:00:00",
      "ShipVia":"1",
      "Freight":"12.6900",
      "ShipName":"Romero y tomillo",
      "ShipAddress":"Gran Via, 1",
      "ShipCity":"Madrid",
      "ShipRegion":null,
      "ShipPostalCode":"28001",
      "ShipCountry":"Spain",
      "CompanyName":"Romero y tomillo",
      "Country":"Spain",
      "Shipping":"False",
      "SmallFlag":"/resource/image/smallflag/es.png",
      "NormalFlag":"/resource/image/normalflag/es.png",
      "Phone":"(91) 745 6200",
      "ProductName":"Nord-Ost Matjeshering",
      "QuantityPerUnit":"10 - 200 g glasses",
      "Quantity":"6",
      "UnitPrice":"20.7000"
   },
   {
      "OrderID":"10282",
      "CustomerID":"ROMEY",
      "CustomerID2":"ROMEY",
      "EmployeeID":"4",
      "dateTime1":"201730",
      "dateTime2":"2017-30",
      "dateTime3":"201730",
      "OrderDate":"1996-08-15 오전 12:00:00",
      "RequiredDate":"1996-09-12 오전 12:00:00",
      "ShippedDate":"1996-08-21 오전 12:00:00",
      "ShipVia":"1",
      "Freight":"12.6900",
      "ShipName":"Romero y tomillo",
      "ShipAddress":"Gran Via, 1",
      "ShipCity":"Madrid",
      "ShipRegion":null,
      "ShipPostalCode":"28001",
      "ShipCountry":"Spain",
      "CompanyName":"Romero y tomillo",
      "Country":"Spain",
      "Shipping":"False",
      "SmallFlag":"/resource/image/smallflag/es.png",
      "NormalFlag":"/resource/image/normalflag/es.png",
      "Phone":"(91) 745 6200",
      "ProductName":"Ravioli Angelo",
      "QuantityPerUnit":"24 - 250 g pkgs.",
      "Quantity":"2",
      "UnitPrice":"15.6000"
   },
   {
      "OrderID":"10283",
      "CustomerID":"LILAS",
      "CustomerID2":"LILAS",
      "EmployeeID":"3",
      "dateTime1":"201730",
      "dateTime2":"2017-30",
      "dateTime3":"201730",
      "OrderDate":"1996-08-16 오전 12:00:00",
      "RequiredDate":"1996-09-13 오전 12:00:00",
      "ShippedDate":"1996-08-23 오전 12:00:00",
      "ShipVia":"3",
      "Freight":"84.8100",
      "ShipName":"LILA-Supermercado",
      "ShipAddress":"Carrera 52 con Ave. Bolivar #65-98 Llano Largo",
      "ShipCity":"Barquisimeto",
      "ShipRegion":"Lara",
      "ShipPostalCode":"3508",
      "ShipCountry":"Venezuela",
      "CompanyName":"LILA-Supermercado",
      "Country":"Venezuela",
      "Shipping":"True",
      "SmallFlag":"/resource/image/smallflag/ve.png",
      "NormalFlag":"/resource/image/normalflag/ve.png",
      "Phone":"(9) 331-6954",
      "ProductName":"Genen Shouyu",
      "QuantityPerUnit":"24 - 250 ml bottles",
      "Quantity":"20",
      "UnitPrice":"12.4000"
   },
   {
      "OrderID":"10283",
      "CustomerID":"LILAS",
      "CustomerID2":"LILAS",
      "EmployeeID":"3",
      "dateTime1":"201730",
      "dateTime2":"2017-30",
      "dateTime3":"201730",
      "OrderDate":"1996-08-16 오전 12:00:00",
      "RequiredDate":"1996-09-13 오전 12:00:00",
      "ShippedDate":"1996-08-23 오전 12:00:00",
      "ShipVia":"3",
      "Freight":"84.8100",
      "ShipName":"LILA-Supermercado",
      "ShipAddress":"Carrera 52 con Ave. Bolivar #65-98 Llano Largo",
      "ShipCity":"Barquisimeto",
      "ShipRegion":"Lara",
      "ShipPostalCode":"3508",
      "ShipCountry":"Venezuela",
      "CompanyName":"LILA-Supermercado",
      "Country":"Venezuela",
      "Shipping":"True",
      "SmallFlag":"/resource/image/smallflag/ve.png",
      "NormalFlag":"/resource/image/normalflag/ve.png",
      "Phone":"(9) 331-6954",
      "ProductName":"Teatime Chocolate Biscuits",
      "QuantityPerUnit":"10 boxes x 12 pieces",
      "Quantity":"18",
      "UnitPrice":"7.3000"
   },
   {
      "OrderID":"10283",
      "CustomerID":"LILAS",
      "CustomerID2":"LILAS",
      "EmployeeID":"3",
      "dateTime1":"201730",
      "dateTime2":"2017-30",
      "dateTime3":"201730",
      "OrderDate":"1996-08-16 오전 12:00:00",
      "RequiredDate":"1996-09-13 오전 12:00:00",
      "ShippedDate":"1996-08-23 오전 12:00:00",
      "ShipVia":"3",
      "Freight":"84.8100",
      "ShipName":"LILA-Supermercado",
      "ShipAddress":"Carrera 52 con Ave. Bolivar #65-98 Llano Largo",
      "ShipCity":"Barquisimeto",
      "ShipRegion":"Lara",
      "ShipPostalCode":"3508",
      "ShipCountry":"Venezuela",
      "CompanyName":"LILA-Supermercado",
      "Country":"Venezuela",
      "Shipping":"True",
      "SmallFlag":"/resource/image/smallflag/ve.png",
      "NormalFlag":"/resource/image/normalflag/ve.png",
      "Phone":"(9) 331-6954",
      "ProductName":"Camembert Pierrot",
      "QuantityPerUnit":"15 - 300 g rounds",
      "Quantity":"35",
      "UnitPrice":"27.2000"
   },
   {
      "OrderID":"10283",
      "CustomerID":"LILAS",
      "CustomerID2":"LILAS",
      "EmployeeID":"3",
      "dateTime1":"201730",
      "dateTime2":"2017-30",
      "dateTime3":"201730",
      "OrderDate":"1996-08-16 오전 12:00:00",
      "RequiredDate":"1996-09-13 오전 12:00:00",
      "ShippedDate":"1996-08-23 오전 12:00:00",
      "ShipVia":"3",
      "Freight":"84.8100",
      "ShipName":"LILA-Supermercado",
      "ShipAddress":"Carrera 52 con Ave. Bolivar #65-98 Llano Largo",
      "ShipCity":"Barquisimeto",
      "ShipRegion":"Lara",
      "ShipPostalCode":"3508",
      "ShipCountry":"Venezuela",
      "CompanyName":"LILA-Supermercado",
      "Country":"Venezuela",
      "Shipping":"True",
      "SmallFlag":"/resource/image/smallflag/ve.png",
      "NormalFlag":"/resource/image/normalflag/ve.png",
      "Phone":"(9) 331-6954",
      "ProductName":"Mozzarella di Giovanni",
      "QuantityPerUnit":"24 - 200 g pkgs.",
      "Quantity":"3",
      "UnitPrice":"27.8000"
   },
   {
      "OrderID":"10284",
      "CustomerID":"LEHMS",
      "CustomerID2":"LEHMS",
      "EmployeeID":"4",
      "dateTime1":"201730",
      "dateTime2":"2017-30",
      "dateTime3":"201730",
      "OrderDate":"1996-08-19 오전 12:00:00",
      "RequiredDate":"1996-09-16 오전 12:00:00",
      "ShippedDate":"1996-08-27 오전 12:00:00",
      "ShipVia":"1",
      "Freight":"76.5600",
      "ShipName":"Lehmanns Marktstand",
      "ShipAddress":"Magazinweg 7",
      "ShipCity":"Frankfurt a.M.",
      "ShipRegion":null,
      "ShipPostalCode":"60528",
      "ShipCountry":"Germany",
      "CompanyName":"Lehmanns Marktstand",
      "Country":"Germany",
      "Shipping":"True",
      "SmallFlag":"/resource/image/smallflag/de.png",
      "NormalFlag":"/resource/image/normalflag/de.png",
      "Phone":"069-0245984",
      "ProductName":"Schoggi Schokolade",
      "QuantityPerUnit":"100 - 100 g pieces",
      "Quantity":"15",
      "UnitPrice":"35.1000"
   },
   {
      "OrderID":"10284",
      "CustomerID":"LEHMS",
      "CustomerID2":"LEHMS",
      "EmployeeID":"4",
      "dateTime1":"201730",
      "dateTime2":"2017-30",
      "dateTime3":"201730",
      "OrderDate":"1996-08-19 오전 12:00:00",
      "RequiredDate":"1996-09-16 오전 12:00:00",
      "ShippedDate":"1996-08-27 오전 12:00:00",
      "ShipVia":"1",
      "Freight":"76.5600",
      "ShipName":"Lehmanns Marktstand",
      "ShipAddress":"Magazinweg 7",
      "ShipCity":"Frankfurt a.M.",
      "ShipRegion":null,
      "ShipPostalCode":"60528",
      "ShipCountry":"Germany",
      "CompanyName":"Lehmanns Marktstand",
      "Country":"Germany",
      "Shipping":"True",
      "SmallFlag":"/resource/image/smallflag/de.png",
      "NormalFlag":"/resource/image/normalflag/de.png",
      "Phone":"069-0245984",
      "ProductName":"Gula Malacca",
      "QuantityPerUnit":"20 - 2 kg bags",
      "Quantity":"21",
      "UnitPrice":"15.5000"
   },
   {
      "OrderID":"10284",
      "CustomerID":"LEHMS",
      "CustomerID2":"LEHMS",
      "EmployeeID":"4",
      "dateTime1":"201730",
      "dateTime2":"2017-30",
      "dateTime3":"201730",
      "OrderDate":"1996-08-19 오전 12:00:00",
      "RequiredDate":"1996-09-16 오전 12:00:00",
      "ShippedDate":"1996-08-27 오전 12:00:00",
      "ShipVia":"1",
      "Freight":"76.5600",
      "ShipName":"Lehmanns Marktstand",
      "ShipAddress":"Magazinweg 7",
      "ShipCity":"Frankfurt a.M.",
      "ShipRegion":null,
      "ShipPostalCode":"60528",
      "ShipCountry":"Germany",
      "CompanyName":"Lehmanns Marktstand",
      "Country":"Germany",
      "Shipping":"True",
      "SmallFlag":"/resource/image/smallflag/de.png",
      "NormalFlag":"/resource/image/normalflag/de.png",
      "Phone":"069-0245984",
      "ProductName":"Camembert Pierrot",
      "QuantityPerUnit":"15 - 300 g rounds",
      "Quantity":"20",
      "UnitPrice":"27.2000"
   },
   {
      "OrderID":"10284",
      "CustomerID":"LEHMS",
      "CustomerID2":"LEHMS",
      "EmployeeID":"4",
      "dateTime1":"201730",
      "dateTime2":"2017-30",
      "dateTime3":"201730",
      "OrderDate":"1996-08-19 오전 12:00:00",
      "RequiredDate":"1996-09-16 오전 12:00:00",
      "ShippedDate":"1996-08-27 오전 12:00:00",
      "ShipVia":"1",
      "Freight":"76.5600",
      "ShipName":"Lehmanns Marktstand",
      "ShipAddress":"Magazinweg 7",
      "ShipCity":"Frankfurt a.M.",
      "ShipRegion":null,
      "ShipPostalCode":"60528",
      "ShipCountry":"Germany",
      "CompanyName":"Lehmanns Marktstand",
      "Country":"Germany",
      "Shipping":"True",
      "SmallFlag":"/resource/image/smallflag/de.png",
      "NormalFlag":"/resource/image/normalflag/de.png",
      "Phone":"069-0245984",
      "ProductName":"Laughing Lumberjack Lager",
      "QuantityPerUnit":"24 - 12 oz bottles",
      "Quantity":"5",
      "UnitPrice":"11.2000"
   },
   {
      "OrderID":"10285",
      "CustomerID":"QUICK",
      "CustomerID2":"QUICK",
      "EmployeeID":"1",
      "dateTime1":"201730",
      "dateTime2":"2017-30",
      "dateTime3":"201730",
      "OrderDate":"1996-08-20 오전 12:00:00",
      "RequiredDate":"1996-09-17 오전 12:00:00",
      "ShippedDate":"1996-08-26 오전 12:00:00",
      "ShipVia":"2",
      "Freight":"76.8300",
      "ShipName":"QUICK-Stop",
      "ShipAddress":"Taucherstraße 10",
      "ShipCity":"Cunewalde",
      "ShipRegion":null,
      "ShipPostalCode":"01307",
      "ShipCountry":"Germany",
      "CompanyName":"QUICK-Stop",
      "Country":"Germany",
      "Shipping":"True",
      "SmallFlag":"/resource/image/smallflag/de.png",
      "NormalFlag":"/resource/image/normalflag/de.png",
      "Phone":"0372-035188",
      "ProductName":"Chai",
      "QuantityPerUnit":"10 boxes x 20 bags",
      "Quantity":"45",
      "UnitPrice":"14.4000"
   }
]
