﻿[{"Year":"1970","GDP":81,"GNI":82,"PGNI":255}
,{"Year":"1971","GDP":95,"GNI":96,"PGNI":291}
,{"Year":"1972","GDP":108,"GNI":108,"PGNI":322}
,{"Year":"1973","GDP":138,"GNI":138,"PGNI":404}
,{"Year":"1974","GDP":194,"GNI":194,"PGNI":559}
,{"Year":"1975","GDP":216,"GNI":214,"PGNI":607,"DIncome":473}
,{"Year":"1976","GDP":298,"GNI":296,"PGNI":825,"DIncome":625}
,{"Year":"1977","GDP":382,"GNI":380,"PGNI":1043,"DIncome":778}
,{"Year":"1978","GDP":535,"GNI":534,"PGNI":1443,"DIncome":1078}
,{"Year":"1979","GDP":640,"GNI":636,"PGNI":1693,"DIncome":1249}
,{"Year":"1980","GDP":643,"GNI":633,"PGNI":1660,"DIncome":1187}
,{"Year":"1981","GDP":724,"GNI":707,"PGNI":1826,"DIncome":1317}
,{"Year":"1982","GDP":775,"GNI":758,"PGNI":1927,"DIncome":1391}
,{"Year":"1983","GDP":859,"GNI":843,"PGNI":2113,"DIncome":1472}
,{"Year":"1984","GDP":949,"GNI":929,"PGNI":2300,"DIncome":1619}
,{"Year":"1985","GDP":984,"GNI":961,"PGNI":2355,"DIncome":1666}
,{"Year":"1986","GDP":1137,"GNI":1114,"PGNI":2702,"DIncome":1900}
,{"Year":"1987","GDP":1434,"GNI":1416,"PGNI":3402,"DIncome":2373}
,{"Year":"1988","GDP":1923,"GNI":1911,"PGNI":4548,"DIncome":3106}
,{"Year":"1989","GDP":2363,"GNI":2358,"PGNI":5556,"DIncome":3835}
,{"Year":"1990","GDP":2703,"GNI":2702,"PGNI":6303,"DIncome":4303}
,{"Year":"1991","GDP":3155,"GNI":3150,"PGNI":7276,"DIncome":5094}
,{"Year":"1992","GDP":3381,"GNI":3375,"PGNI":7714,"DIncome":5377}
,{"Year":"1993","GDP":3722,"GNI":3713,"PGNI":8402,"DIncome":5809}
,{"Year":"1994","GDP":4355,"GNI":4342,"PGNI":9727,"DIncome":6687}
,{"Year":"1995","GDP":5313,"GNI":5292,"PGNI":11735,"DIncome":7803}
,{"Year":"1996","GDP":5728,"GNI":5699,"PGNI":12518,"DIncome":8439}
,{"Year":"1997","GDP":5323,"GNI":5287,"PGNI":11505,"DIncome":7640}
,{"Year":"1998","GDP":3582,"GNI":3521,"PGNI":7607,"DIncome":5336}
,{"Year":"1999","GDP":4616,"GNI":4558,"PGNI":9778,"DIncome":6549}
,{"Year":"2000","GDP":5335,"GNI":5308,"PGNI":11292,"DIncome":7187}
,{"Year":"2001","GDP":5046,"GNI":5035,"PGNI":10631,"DIncome":6583}
,{"Year":"2002","GDP":5759,"GNI":5762,"PGNI":12100,"DIncome":7197}
,{"Year":"2003","GDP":6436,"GNI":6442,"PGNI":13460,"DIncome":8137}
,{"Year":"2004","GDP":7224,"GNI":7245,"PGNI":15082,"DIncome":9107}
,{"Year":"2005","GDP":8447,"GNI":8439,"PGNI":17531,"DIncome":10621}
,{"Year":"2006","GDP":9511,"GNI":9525,"PGNI":19691,"DIncome":11810}
,{"Year":"2007","GDP":10493,"GNI":10512,"PGNI":21632,"DIncome":12666}
,{"Year":"2008","GDP":9309,"GNI":9379,"PGNI":19161,"DIncome":11240}
,{"Year":"2009","GDP":8344,"GNI":8381,"PGNI":17041,"DIncome":10057}
,{"Year":"2010","GDP":10147,"GNI":10160,"PGNI":20562,"DIncome":11796}
,{"Year":"2011","GDP":11147,"GNI":11176,"PGNI":22451,"DIncome":12906}
,{"Year":"2012","GDP":11292,"GNI":11355,"PGNI":22708,"DIncome":13150}]